Sequence,Label
TG13,SARS-CoV-2
BetaCoV/Wuhan/WH-01/2019,SARS-CoV-2
BetaCoV/Wuhan/WH-02/2019,SARS-CoV-2
BetaCoV/Wuhan/WH-03/2019,SARS-CoV-2
BetaCoV/Wuhan/WH-04/2019,SARS-CoV-2
BetaCoV/Wuhan/WH19002/2019,SARS-CoV-2
BetaCoV/Wuhan/WH19008/2019?,SARS-CoV-2
BetaCoV/Wuhan/YS8011/2020,SARS-CoV-2
BetaCoV/Wuhan/WH19004/2020,SARS-CoV-2
BetaCoV/Wuhan/WH19005/2019,SARS-CoV-2
BetaCoV/Japan/AI/I-004/2020,SARS-CoV-2
2019-nCoV/Japan/TY/WK-012/2020,SARS-CoV-2
2019-nCoV/Japan/TY/WK-501/2020,SARS-CoV-2
2019-nCoV/Japan/TY/WK-521/2020,SARS-CoV-2
2019-nCoV/Japan/KY/V-029/2020,SARS-CoV-2
SARS-CoV-2/Tongji-01/human/2020/CHN,SARS-CoV-2
SARS-CoV-2/QLD05/human/2020_FSS918/AUS,Other
MP789,SARS-CoV-2
SARS-CoV-2/HS_8/human/2020/CHN,SARS-CoV-2
SARS-CoV-2/HS_86/human/2020/CHN,Other
SARS-CoV-2/Hu/DP/Kng/19-027,SARS-CoV-2
SARS-CoV-2/Hu/DP/Kng/19-020,SARS-CoV-2
SARS-CoV-2/MHKN-1/human/2020/IRN,SARS-CoV-2
SARS-CoV-2/WA9-UW6/human/2020/USA,SARS-CoV-2
SARS-CoV-2/WA8-UW5/human/2020/USA,SARS-CoV-2
SARS-CoV-2/15AW/human/2020/IRN,SARS-CoV-2
Weifang/WFCDC0002/2020,SARS-CoV-2
Weifang/WFCDC0001/2020,SARS-CoV-2
Weifang/WFCDC0003/2020,SARS-CoV-2
Weifang/WFCDC0004/2020,SARS-CoV-2
Weifang/WFCDC0016/2020,SARS-CoV-2
Weifang/WFCDC0018/2020,SARS-CoV-2
Weifang/WFCDC0020/2020,SARS-CoV-2
Weifang/WFCDC0015/2020,SARS-CoV-2
Weifang/WFCDC0019/2020,SARS-CoV-2
Weifang/WFCDC0014/2020,SARS-CoV-2
Weifang/WFCDC0028/2020,SARS-CoV-2
Weifang/WFCDC0026/2020,SARS-CoV-2
Weifang/WFCDC0029/2020,SARS-CoV-2
Weifang/WFCDC0009/2020,SARS-CoV-2
Weifang/WFCDC0006/2020,SARS-CoV-2
Weifang/WFCDC0017/2020,SARS-CoV-2
Weifang/WFCDC0023/2020,SARS-CoV-2
Weifang/WFCDC0012/2020,SARS-CoV-2
Weifang/WFCDC0021/2020,SARS-CoV-2
Weifang/WFCDC0024/2020,SARS-CoV-2
SARS-CoV-2/NIHE/human/2020/VIE,SARS-CoV-2
SARS-CoV-2/NIAA05032020/human/2020/ITA,SARS-CoV-2
SARS-CoV-2/human/USA/CA-CDPH-UC5/2020,SARS-CoV-2
SARS-CoV-2/341/human/2020/IND,Other
SARS-CoV-2/MHKN-4/human/2020/IRN,SARS-CoV-2
TKYE6182_2020,SARS-CoV-2
SARS-CoV-2/MBS-Cagliari-1/human/2020/ITA,SARS-CoV-2
SARS-CoV-2/canine/HKG/20-02756/2020,SARS-CoV-2
hCoV-19/Guangzhou/GZMU0016/2020,SARS-CoV-2
hCoV-19/Guangzhou/GZMU0030/2020,SARS-CoV-2
hCoV-19/Guangzhou/GZMU0031/2020,SARS-CoV-2
hCoV-19/Guangzhou/GZMU0042/2020,SARS-CoV-2
hCoV-19/Guangzhou/GZMU0044/2020,SARS-CoV-2
hCoV-19/Guangzhou/GZMU0048/2020,SARS-CoV-2
hCoV-19/Guangzhou/GZMU0014/2020,SARS-CoV-2
SARS-CoV-2/MBS-Cagliari-2/human/2020/ITA,Other
SARS-CoV-2/Valencia002/human/2020/ESP,SARS-CoV-2
SARS-CoV-2/Valencia001/human/2020/ESP,SARS-CoV-2
SARS-CoV-2/human/USA/WA-UW48/2020,SARS-CoV-2
SARS-CoV-2/human/TWN/CGMH-CGU-04/2020,SARS-CoV-2
SARS-CoV-2/human/AUS/VIC02/2020,SARS-CoV-2
SARS-CoV-2/human/AUS/VIC03/2020,SARS-CoV-2
SARS-CoV-2/human/AUS/VIC04/2020,SARS-CoV-2
SARS-CoV-2/human/AUS/VIC05/2020,SARS-CoV-2
SARS-CoV-2/human/AUS/VIC06/2020,SARS-CoV-2
SARS-CoV-2/human/AUS/VIC07/2020,SARS-CoV-2
SARS-CoV-2/human/USA/WA-UW93/2020,SARS-CoV-2
SARS-CoV-2/human/USA/WA-UW36/2020,SARS-CoV-2
SARS-CoV-2/human/USA/WA-UW39/2020,SARS-CoV-2
SARS-CoV-2/Valencia4/human/2020/ESP,SARS-CoV-2
SARS-CoV-2/Valencia6/human/2020/ESP,SARS-CoV-2
SARS-CoV-2/human/AUS/VIC08/2020,SARS-CoV-2
SARS-CoV-2/human/AUS/VIC09/2020,SARS-CoV-2
SARS-CoV-2/human/AUS/VIC10/2020,SARS-CoV-2
SARS-CoV-2/human/AUS/VIC11/2020,SARS-CoV-2
SARS-CoV-2/human/AUS/VIC12/2020,SARS-CoV-2
SARS-CoV-2/human/USA/WA-UW101/2020,SARS-CoV-2
SARS-CoV-2/human/USA/WA-UW102/2020,SARS-CoV-2
SARS-CoV-2/human/USA/WA-UW107/2020,SARS-CoV-2
SARS-CoV-2/human/USA/WA-UW154/2020,SARS-CoV-2
SARS-CoV-2/human/USA/WA-UW181/2020,SARS-CoV-2
SARS-CoV-2/human/USA/UT-00008/2020,SARS-CoV-2
SARS-CoV-2/human/USA/UT-00009/2020,SARS-CoV-2
hCoV-19/Guangzhou/GZMU0047/2020,SARS-CoV-2
hCoV-19/Spain/Valencia9/2020,SARS-CoV-2
hCoV-19/Spain/Valencia10/2020,SARS-CoV-2
SARS-CoV-2/human/USA/CA-CDPH-UC12/2020,SARS-CoV-2
SARS-CoV-2/human/USA/CA-SCCPHD-UC15/2020,SARS-CoV-2
SARS-CoV-2/human/USA/CA-SCCPHD-UC17/2020,SARS-CoV-2
SARS-CoV-2/human/USA/CA-CDPH-UC18/2020,SARS-CoV-2
SARS-CoV-2/human/USA/CA-CDPH-UC19/2020,SARS-CoV-2
SARS-CoV-2/human/USA/CA-CDPH-UC22/2020,SARS-CoV-2
SARS-CoV-2/human/USA/CA-CDPH-UC23/2020,SARS-CoV-2
SARS-CoV-2/human/USA/CA-CDPH-UC24/2020,SARS-CoV-2
SARS-CoV-2/human/USA/CA-CDPH-UC25/2020,SARS-CoV-2
SARS-CoV-2/human/USA/CA-CDPH-UC27/2020,SARS-CoV-2
hCoV-19/USA/WA-UW206/2020,SARS-CoV-2
hCoV-19/USA/WA-UW208/2020,SARS-CoV-2
SARS-CoV-2/WA-UW226/human/2020/USA,SARS-CoV-2
SARS-CoV-2/human/ITA/INMI3/2020,SARS-CoV-2
SARS-CoV-2/human/ITA/INMI4/2020,SARS-CoV-2
SARS-CoV-2/human/USA/UT-00011/2020,SARS-CoV-2
SARS-CoV-2/human/USA/UT-00013/2020,SARS-CoV-2
SARS-CoV-2/human/USA/UT-00027/2020,SARS-CoV-2
SARS-CoV-2/human/USA/UT-00031/2020,SARS-CoV-2
SARS-CoV-2/human/USA/UT-00034/2020,SARS-CoV-2
hCoV-19/USA/WA-UW246/2020,SARS-CoV-2
hCoV-19/USA/WA-UW248/2020,SARS-CoV-2
hCoV-19/USA/WA-UW250/2020,SARS-CoV-2
hCoV-19/USA/ID-UW263/2020,SARS-CoV-2
hCoV-19/USA/ID-UW267/2020,SARS-CoV-2
hCoV-19/USA/ID-UW270/2020,SARS-CoV-2
hCoV-19/USA/CT-UW273/2020,SARS-CoV-2
hCoV-19/USA/ID-UW278/2020,SARS-CoV-2
hCoV-19/USA/ID-UW280/2020,SARS-CoV-2
hCoV-19/USA/WA-UW286/2020,SARS-CoV-2
hCoV-19/USA/ID-UW289/2020,SARS-CoV-2
hCoV-19/USA/WA-UW293/2020,SARS-CoV-2
SARS-CoV-2/human/MYS/186197/2020,SARS-CoV-2
SARS-CoV-2/human/USA/CA-CDPH-UC10/2020,SARS-CoV-2
SARS-CoV-2/Hu/DP/Kng/19-031,SARS-CoV-2
SARS-CoV-2/Hu/Kng/19-437,SARS-CoV-2
hCoV-19/USA/WA-UW302/2020,SARS-CoV-2
hCoV-19/USA/WA-UW306/2020,SARS-CoV-2
hCoV-19/USA/WA-UW312/2020,SARS-CoV-2
hCoV-19/USA/WA-UW316/2020,SARS-CoV-2
SARS-CoV-2/WA-UW321/human/2020/USA,SARS-CoV-2
SARS-CoV-2/WA-UW327/human/2020/USA,SARS-CoV-2
hCoV-19/USA/CT-UW329/2020,SARS-CoV-2
SARS-CoV-2/WA-UW347/human/2020/USA,SARS-CoV-2
hCoV-19/USA/IL-UW381/2020,SARS-CoV-2
hCoV-19/USA/UNKNOWN-UW382/2020,SARS-CoV-2
SARS-CoV-2/WA-UW387/human/2020/USA,SARS-CoV-2
SARS-CoV-2/human/ITA/INMI6/2020,SARS-CoV-2
SARS-CoV-2/human/ITA/INMI7/2020,SARS-CoV-2
hCoV-19/USA/VA-DCLS-0006/2020,SARS-CoV-2
hCoV-19/USA/TX_2020/2020,SARS-CoV-2
SARS-CoV-2/human/AUS/VIC118/2020,SARS-CoV-2
SARS-CoV-2/human/AUS/VIC107/2020,SARS-CoV-2
SARS-CoV-2/human/AUS/VIC116/2020,SARS-CoV-2
SARS-CoV-2/human/AUS/VIC120/2020,SARS-CoV-2
SARS-CoV-2/human/AUS/VIC121/2020,SARS-CoV-2
SARS-CoV-2/human/AUS/VIC122/2020,SARS-CoV-2
SARS-CoV-2/human/AUS/VIC114/2020,SARS-CoV-2
SARS-CoV-2/human/AUS/VIC119/2020,SARS-CoV-2
SARS-CoV-2/human/AUS/VIC127/2020,SARS-CoV-2
SARS-CoV-2/human/AUS/VIC123/2020,SARS-CoV-2
SARS-CoV-2/human/AUS/VIC13/2020,SARS-CoV-2
SARS-CoV-2/human/AUS/VIC14/2020,SARS-CoV-2
SARS-CoV-2/human/AUS/VIC18/2020,SARS-CoV-2
SARS-CoV-2/human/AUS/VIC19/2020,SARS-CoV-2
SARS-CoV-2/human/AUS/VIC24/2020,SARS-CoV-2
SARS-CoV-2/human/AUS/VIC22/2020,SARS-CoV-2
SARS-CoV-2/human/AUS/VIC25/2020,SARS-CoV-2
SARS-CoV-2/human/AUS/VIC30/2020,SARS-CoV-2
SARS-CoV-2/human/AUS/VIC32/2020,SARS-CoV-2
SARS-CoV-2/human/AUS/VIC37/2020,SARS-CoV-2
SARS-CoV-2/human/AUS/VIC38/2020,SARS-CoV-2
SARS-CoV-2/human/AUS/VIC43/2020,SARS-CoV-2
SARS-CoV-2/human/AUS/VIC49/2020,SARS-CoV-2
SARS-CoV-2/human/AUS/VIC44/2020,SARS-CoV-2
SARS-CoV-2/human/AUS/VIC52/2020,SARS-CoV-2
SARS-CoV-2/human/AUS/VIC60/2020,SARS-CoV-2
SARS-CoV-2/human/AUS/VIC61/2020,SARS-CoV-2
SARS-CoV-2/human/AUS/VIC63/2020,SARS-CoV-2
SARS-CoV-2/human/AUS/VIC64/2020,SARS-CoV-2
SARS-CoV-2/human/AUS/VIC75/2020,SARS-CoV-2
SARS-CoV-2/human/AUS/VIC76/2020,SARS-CoV-2
SARS-CoV-2/human/AUS/VIC91/2020,SARS-CoV-2
SARS-CoV-2/human/AUS/VIC100/2020,SARS-CoV-2
SARS-CoV-2/human/AUS/VIC101/2020,SARS-CoV-2
SARS-CoV-2/human/AUS/VIC93/2020,SARS-CoV-2
SARS-CoV-2/human/AUS/VIC102/2020,SARS-CoV-2
SARS-CoV-2/human/AUS/VIC104/2020,SARS-CoV-2
SARS-CoV-2/human/AUS/VIC139/2020,SARS-CoV-2
SARS-CoV-2/human/AUS/VIC146/2020,SARS-CoV-2
SARS-CoV-2/human/AUS/VIC149/2020,SARS-CoV-2
SARS-CoV-2/human/AUS/VIC150/2020,SARS-CoV-2
SARS-CoV-2/human/AUS/VIC151/2020,SARS-CoV-2
SARS-CoV-2/human/AUS/VIC159/2020,SARS-CoV-2
SARS-CoV-2/human/AUS/VIC160/2020,SARS-CoV-2
SARS-CoV-2/human/AUS/VIC164/2020,SARS-CoV-2
SARS-CoV-2/human/AUS/VIC165/2020,SARS-CoV-2
SARS-CoV-2/human/AUS/VIC166/2020,SARS-CoV-2
SARS-CoV-2/human/AUS/VIC167/2020,SARS-CoV-2
SARS-CoV-2/human/AUS/VIC168/2020,SARS-CoV-2
SARS-CoV-2/human/AUS/VIC170/2020,SARS-CoV-2
SARS-CoV-2/human/AUS/VIC172/2020,SARS-CoV-2
SARS-CoV-2/human/AUS/VIC175/2020,SARS-CoV-2
SARS-CoV-2/human/AUS/VIC177/2020,SARS-CoV-2
SARS-CoV-2/human/AUS/VIC179/2020,SARS-CoV-2
SARS-CoV-2/human/AUS/VIC181/2020,SARS-CoV-2
SARS-CoV-2/human/AUS/VIC183/2020,SARS-CoV-2
SARS-CoV-2/human/AUS/VIC187/2020,SARS-CoV-2
SARS-CoV-2/human/AUS/VIC189/2020,SARS-CoV-2
SARS-CoV-2/human/AUS/VIC193/2020,SARS-CoV-2
SARS-CoV-2/human/AUS/VIC194/2020,SARS-CoV-2
SARS-CoV-2/human/AUS/VIC195/2020,SARS-CoV-2
SARS-CoV-2/human/AUS/VIC197/2020,SARS-CoV-2
SARS-CoV-2/human/AUS/VIC205/2020,SARS-CoV-2
SARS-CoV-2/human/AUS/VIC206/2020,SARS-CoV-2
SARS-CoV-2/human/AUS/VIC209/2020,SARS-CoV-2
SARS-CoV-2/human/AUS/VIC210/2020,SARS-CoV-2
SARS-CoV-2/human/AUS/VIC211/2020,SARS-CoV-2
SARS-CoV-2/human/AUS/VIC212/2020,SARS-CoV-2
SARS-CoV-2/human/AUS/VIC219/2020,SARS-CoV-2
SARS-CoV-2/human/AUS/VIC301/2020,SARS-CoV-2
SARS-CoV-2/human/AUS/VIC308/2020,SARS-CoV-2
SARS-CoV-2/human/AUS/VIC313/2020,SARS-CoV-2
SARS-CoV-2/human/AUS/VIC314/2020,SARS-CoV-2
SARS-CoV-2/human/USA/UT-00089/2020,SARS-CoV-2
SARS-CoV-2/human/USA/UT-00090/2020,SARS-CoV-2
SARS-CoV-2/human/USA/UT-00159/2020,SARS-CoV-2
SARS-CoV-2/human/USA/UT-00284/2020,SARS-CoV-2
SARS-CoV-2/human/USA/UT-00287/2020,SARS-CoV-2
SARS-CoV-2/human/USA/UT-00288/2020,SARS-CoV-2
SARS-CoV-2/human/USA/UT-00289/2020,SARS-CoV-2
SARS-CoV-2/human/USA/UT-00291/2020,SARS-CoV-2
SARS-CoV-2/human/USA/UT-00297/2020,SARS-CoV-2
SARS-CoV-2/human/USA/UT-00300/2020,SARS-CoV-2
SARS-CoV-2/human/USA/UT-00303/2020,SARS-CoV-2
SARS-CoV-2/human/USA/UT-00342/2020,SARS-CoV-2
SARS-CoV-2/human/USA/UT-00344/2020,SARS-CoV-2
SARS-CoV-2/human/USA/UT-00345/2020,SARS-CoV-2
SARS-CoV-2/human/USA/UT-00346/2020,SARS-CoV-2
SARS-CoV-2/human/USA/UT-00347/2020,SARS-CoV-2
SARS-CoV-2/human/USA/UT-00348/2020,SARS-CoV-2
SARS-CoV-2/human/USA/UT-00349/2020,SARS-CoV-2
SARS-CoV-2/human/USA/UT-00350/2020,SARS-CoV-2
SARS-CoV-2/human/USA/UT-00352/2020,SARS-CoV-2
SARS-CoV-2/human/USA/UT-00361/2020,SARS-CoV-2
SARS-CoV-2/human/IRN/HGRC-01-IPI-8206/2020,SARS-CoV-2
SARS-CoV-2/human/ESP/Valencia18/2020,SARS-CoV-2
SARS-CoV-2/human/ESP/Valencia19/2020,SARS-CoV-2
SARS-CoV-2/human/ESP/Valencia20/2020,SARS-CoV-2
SARS-CoV-2/human/ESP/Valencia22/2020,SARS-CoV-2
SARS-CoV-2/human/ESP/Valencia25/2020,SARS-CoV-2
SARS-CoV-2/human/ESP/Valencia23/2020,SARS-CoV-2
SARS-CoV-2/human/ESP/Valencia26/2020,SARS-CoV-2
SARS-CoV-2/human/USAWA-UW392/2020,SARS-CoV-2
SARS-CoV-2/human/USACT-UW428/2020,SARS-CoV-2
SARS-CoV-2/human/USAWA-UW439/2020,SARS-CoV-2
SARS-CoV-2/human/USAWA-UW451/2020,SARS-CoV-2
SARS-CoV-2/human/USAWA-UW455/2020,SARS-CoV-2
SARS-CoV-2/human/USAWA-UW461/2020,SARS-CoV-2
SARS-CoV-2/human/USAWA-UW464/2020,SARS-CoV-2
SARS-CoV-2/human/USA/NY-PV08133/2020,SARS-CoV-2
SARS-CoV-2/human/USA/NY-PV08139/2020,SARS-CoV-2
SARS-CoV-2/human/USA/NY-PV08140/2020,SARS-CoV-2
SARS-CoV-2/human/USA/NY-PV08400/2020,SARS-CoV-2
SARS-CoV-2/human/USA/NY-PV08404/2020,SARS-CoV-2
SARS-CoV-2/human/USA/NY-PV08405/2020,SARS-CoV-2
SARS-CoV-2/human/USA/NY-PV08410/2020,SARS-CoV-2
SARS-CoV-2/human/USA/NY-PV08414/2020,SARS-CoV-2
SARS-CoV-2/human/USA/NY-PV08417/2020,SARS-CoV-2
SARS-CoV-2/human/USA/NY-PV08419/2020,SARS-CoV-2
SARS-CoV-2/human/USA/NY-PV08420/2020,SARS-CoV-2
SARS-CoV-2/human/USA/NY-PV08438/2020,SARS-CoV-2
SARS-CoV-2/human/USA/NY-PV08476/2020,SARS-CoV-2
SARS-CoV-2/human/IRQ/KRD/2020,Other
SARS-CoV-2/human/USA/NY-PV09006/2020,SARS-CoV-2
SARS-CoV-2/human/USA/NY-PV09019/2020,SARS-CoV-2
SARS-CoV-2/human/USA/NY-PV09020/2020,SARS-CoV-2
SARS-CoV-2/human/USA/NY-PV09030/2020,SARS-CoV-2
SARS-CoV-2/human/USA/NY-PV09037/2020,SARS-CoV-2
SARS-CoV-2/human/USA/NY-PV09047/2020,SARS-CoV-2
SARS-CoV-2/human/USA/NY-PV09050/2020,SARS-CoV-2
SARS-CoV-2/human/USA/NY-PV09063/2020,SARS-CoV-2
SARS-CoV-2/human/USA/NY-PV09064/2020,SARS-CoV-2
SARS-CoV-2/human/USA/NY-PV09076/2020,SARS-CoV-2
SARS-CoV-2/human/USA/NY-PV09080/2020,SARS-CoV-2
SARS-CoV-2/human/USA/NY-PV09083/2020,SARS-CoV-2
SARS-CoV-2/human/USA/NY-PV09087/2020,SARS-CoV-2
SARS-CoV-2/human/USA/NY-PV09098/2020,SARS-CoV-2
SARS-CoV-2/human/USA/MI-SC2-0001/2020,SARS-CoV-2
SARS-CoV-2/human/USA/MI-SC2-0002/2020,SARS-CoV-2
SARS-CoV-2/human/USA/MI-SC2-0003/2020,SARS-CoV-2
SARS-CoV-2/human/USA/MI-SC2-0004/2020,SARS-CoV-2
SARS-CoV-2/human/USA/MI-SC2-0005/2020,SARS-CoV-2
SARS-CoV-2/human/USA/MI-SC2-0006/2020,SARS-CoV-2
SARS-CoV-2/human/USA/MI-SC2-0007/2020,SARS-CoV-2
SARS-CoV-2/human/USA/MI-SC2-0008/2020,SARS-CoV-2
SARS-CoV-2/human/USA/MI-SC2-0009/2020,SARS-CoV-2
SARS-CoV-2/human/TUN/Tunis7266/2020,Other
SARS-CoV-2/human/USA/NY-PV09115/2020,SARS-CoV-2
SARS-CoV-2/human/USA/NY-PV09118/2020,SARS-CoV-2
SARS-CoV-2/human/USA/NY-PV09121/2020,SARS-CoV-2
SARS-CoV-2/human/USA/NY-PV09126/2020,SARS-CoV-2
SARS-CoV-2/human/USA/NY-PV09130/2020,SARS-CoV-2
SARS-CoV-2/human/USA/NY-PV09135/2020,SARS-CoV-2
SARS-CoV-2/human/USA/NY-PV09139/2020,SARS-CoV-2
SARS-CoV-2/human/USA/NY-PV09141/2020,SARS-CoV-2
SARS-CoV-2/human/USA/NY-PV09143/2020,SARS-CoV-2
SARS-CoV-2/human/USA/NY-PV09149/2020,SARS-CoV-2
SARS-CoV-2/human/USA/NY-PV09152/2020,SARS-CoV-2
SARS-CoV-2/human/USA/NY-PV09154/2020,SARS-CoV-2
SARS-CoV-2/human/USA/NY-PV09157/2020,SARS-CoV-2
SARS-CoV-2/human/USA/NY-PV09161/2020,SARS-CoV-2
SARS-CoV-2/human/USA/NY-PV09163/2020,SARS-CoV-2
SARS-CoV-2/human/USA/NY-PV09168/2020,SARS-CoV-2
SARS-CoV-2/human/USA/NY-PV09170/2020,SARS-CoV-2
SARS-CoV-2/human/USA/NY-PV09172/2020,SARS-CoV-2
SARS-CoV-2/human/USA/NY-PV09176/2020,SARS-CoV-2
SARS-CoV-2/human/USA/NY-PV09178/2020,SARS-CoV-2
SARS-CoV-2/human/USA/NY-PV09179/2020,SARS-CoV-2
SARS-CoV-2/human/USA/NY-PV09188/2020,SARS-CoV-2
SARS-CoV-2/human/USA/NY-PV09199/2020,SARS-CoV-2
SARS-CoV-2/human/USA/NY-PV09301/2020,SARS-CoV-2
SARS-CoV-2/human/USA/NY-PV09305/2020,SARS-CoV-2
SARS-CoV-2/human/USA/NY-PV09307/2020,SARS-CoV-2
Guangzhou/GZ8H0001/2020,SARS-CoV-2
Guangzhou/GZ8H0002/2020,SARS-CoV-2
Guangzhou/GZ8H0003/2020,SARS-CoV-2
Guangzhou/GZ8H0004/2020,SARS-CoV-2
Guangzhou/GZ8H0005/2020,SARS-CoV-2
Guangzhou/GZ8H0007/2020,SARS-CoV-2
Guangzhou/GZ8H0008/2020,SARS-CoV-2
Guangzhou/GZ8H0010/2020,SARS-CoV-2
Guangzhou/GZ8H0011/2020,SARS-CoV-2
Guangzhou/GZ8H0013/2020,SARS-CoV-2
Guangzhou/GZ8H0014/2020,SARS-CoV-2
Guangzhou/GZ8H0016/2020,SARS-CoV-2
hCoV-19/USA/WA-UW-1620/2020,SARS-CoV-2
hCoV-19/USA/WA-UW-1616/2020,SARS-CoV-2
hCoV-19/USA/WA-UW-1638/2020,SARS-CoV-2
hCoV-19/USA/WA-UW-1538/2020,SARS-CoV-2
hCoV-19/USA/WA-UW-1572/2020,SARS-CoV-2
hCoV-19/USA/CT-UW-1365/2020,SARS-CoV-2
hCoV-19/USA/WA-UW-1362/2020,SARS-CoV-2
hCoV-19/USA/WA-UW-1341/2020,SARS-CoV-2
hCoV-19/USA/UNKNOWN-UW-1402/2020,SARS-CoV-2
hCoV-19/USA/WA-UW-1478/2020,SARS-CoV-2
hCoV-19/USA/WA-UW-1645/2020,SARS-CoV-2
hCoV-19/USA/WA-UW-1675/2020,SARS-CoV-2
hCoV-19/USA/WA-UW-1640/2020,SARS-CoV-2
hCoV-19/USA/WA-UW-1659/2020,SARS-CoV-2
hCoV-19/USA/WA-UW-1673/2020,SARS-CoV-2
hCoV-19/USA/WA-UW-1677/2020,SARS-CoV-2
hCoV-19/USA/WA-UW-1690/2020,SARS-CoV-2
hCoV-19/USA/WA-UW-1684/2020,SARS-CoV-2
hCoV-19/USA/WA-UW-1682/2020,SARS-CoV-2
hCoV-19/USA/WA-UW-1695/2020,SARS-CoV-2
hCoV-19/USA/WA-UW-1729/2020,SARS-CoV-2
hCoV-19/USA/WA-UW-1748/2020,SARS-CoV-2
hCoV-19/USA/WA-UW-1700/2020,SARS-CoV-2
hCoV-19/USA/WA-UW-1709/2020,SARS-CoV-2
hCoV-19/USA/WA-UW-1731/2020,SARS-CoV-2
hCoV-19/USA/WA-UW-1708/2020,SARS-CoV-2
hCoV-19/USA/WA-UW-1741/2020,SARS-CoV-2
hCoV-19/USA/WA-UW-1730/2020,SARS-CoV-2
hCoV-19/USA/WA-UW-1756/2020,SARS-CoV-2
hCoV-19/USA/WA-UW-1762/2020,SARS-CoV-2
hCoV-19/USA/WA-UW-1758/2020,SARS-CoV-2
hCoV-19/USA/WA-UW-1760/2020,SARS-CoV-2
hCoV-19/USA/WA-UW-1782/2020,SARS-CoV-2
hCoV-19/USA/UNKNOWN-UW-1834/2020,SARS-CoV-2
hCoV-19/USA/UNKNOWN-UW-1818/2020,SARS-CoV-2
hCoV-19/USA/WA-UW-1827/2020,SARS-CoV-2
hCoV-19/USA/WA-UW-1825/2020,SARS-CoV-2
hCoV-19/USA/WA-UW-1826/2020,SARS-CoV-2
hCoV-19/USA/WA-UW-1821/2020,SARS-CoV-2
hCoV-19/USA/WA-UW-1858/2020,SARS-CoV-2
hCoV-19/USA/WA-UW-1866/2020,SARS-CoV-2
hCoV-19/USA/WA-UW-1850/2020,SARS-CoV-2
hCoV-19/USA/WA-UW-1835/2020,SARS-CoV-2
hCoV-19/USA/WA-UW-1946/2020,SARS-CoV-2
hCoV-19/USA/WA-UW-1846/2020,SARS-CoV-2
hCoV-19/USA/WA-UW-1860/2020,SARS-CoV-2
hCoV-19/USA/WA-UW-1853/2020,SARS-CoV-2
hCoV-19/USA/WA-UW-1855/2020,SARS-CoV-2
hCoV-19/USA/WA-UW-1905/2020,SARS-CoV-2
hCoV-19/USA/OR-UW-1937/2020,SARS-CoV-2
hCoV-19/USA/WA-UW-1877/2020,SARS-CoV-2
hCoV-19/USA/WA-UW-1874/2020,SARS-CoV-2
hCoV-19/USA/OR-UW-1887/2020,SARS-CoV-2
hCoV-19/USA/WA-UW-1888/2020,SARS-CoV-2
hCoV-19/USA/ID-UW-1935/2020,SARS-CoV-2
hCoV-19/USA/ID-UW-1939/2020,SARS-CoV-2
hCoV-19/USA/WA-UW-1965/2020,SARS-CoV-2
hCoV-19/USA/WA-UW-1968/2020,SARS-CoV-2
hCoV-19/USA/WA-UW-1963/2020,SARS-CoV-2
hCoV-19/USA/WA-UW-1998/2020,SARS-CoV-2
hCoV-19/USA/WA-UW-1988/2020,SARS-CoV-2
hCoV-19/USA/WA-UW-2008/2020,SARS-CoV-2
SARS-CoV-2/human/ITA/INMI8/2020,SARS-CoV-2
SARS-CoV-2/human/ITA/INMI9/2020,SARS-CoV-2
SARS-CoV-2/human/ITA/INMI10/2020,SARS-CoV-2
SARS-CoV-2/human/TUN/Tunis_6401/2020,Other
SARS-CoV-2/human/TUN/Tunis_6401/2020/P1,SARS-CoV-2
SARS-CoV-2/ENV/USA/UF-3/2020,SARS-CoV-2
SARS-CoV-2/human/DEU/NRW-53/2020,SARS-CoV-2
SARS-CoV-2/human/USA/ID-UW-2159/2020,SARS-CoV-2
SARS-CoV-2/human/USA/WA-UW-2072/2020,SARS-CoV-2
SARS-CoV-2/human/USA/WA-UW-2074/2020,SARS-CoV-2
SARS-CoV-2/human/USA/WA-UW-2082/2020,SARS-CoV-2
SARS-CoV-2/human/USA/WA-UW-2177/2020,SARS-CoV-2
SARS-CoV-2/human/USA/UT-00001/2020,SARS-CoV-2
SARS-CoV-2/human/USA/UT-00004/2020,SARS-CoV-2
SARS-CoV-2/human/USA/UT-00005/2020,SARS-CoV-2
SARS-CoV-2/human/USA/UT-00087/2020,SARS-CoV-2
SARS-CoV-2/human/USA/UT-00302/2020,Other
SARS-CoV-2/human/NGA/NG02/2020,SARS-CoV-2
SARS-CoV-2/human/USA/WA-UW-2086/2020,SARS-CoV-2
SARS-CoV-2/human/USA/WA-UW-2115/2020,SARS-CoV-2
SARS-CoV-2/human/USA/WA-UW-2109/2020,SARS-CoV-2
SARS-CoV-2/human/USA/WA-UW-2129/2020,SARS-CoV-2
SARS-CoV-2/human/USA/WA-UW-2225/2020,SARS-CoV-2
SARS-CoV-2/human/USA/WA-UW-2220/2020,SARS-CoV-2
SARS-CoV-2/human/USA/ID-UW-2173/2020,SARS-CoV-2
SARS-CoV-2/human/USA/ID-UW-2195/2020,SARS-CoV-2
SARS-CoV-2/human/AUS/VIC329/2020,SARS-CoV-2
SARS-CoV-2/human/AUS/VIC330/2020,SARS-CoV-2
SARS-CoV-2/human/AUS/VIC332/2020,SARS-CoV-2
SARS-CoV-2/human/AUS/VIC337/2020,SARS-CoV-2
SARS-CoV-2/human/AUS/VIC343/2020,SARS-CoV-2
SARS-CoV-2/human/AUS/VIC352/2020,SARS-CoV-2
SARS-CoV-2/human/AUS/VIC358/2020,SARS-CoV-2
SARS-CoV-2/human/AUS/VIC359/2020,SARS-CoV-2
SARS-CoV-2/human/AUS/VIC360/2020,SARS-CoV-2
SARS-CoV-2/human/AUS/VIC361/2020,SARS-CoV-2
SARS-CoV-2/human/AUS/VIC363/2020,SARS-CoV-2
SARS-CoV-2/human/AUS/VIC372/2020,SARS-CoV-2
SARS-CoV-2/human/AUS/VIC374/2020,SARS-CoV-2
SARS-CoV-2/human/AUS/VIC379/2020,SARS-CoV-2
SARS-CoV-2/human/AUS/VIC380/2020,SARS-CoV-2
SARS-CoV-2/human/AUS/VIC381/2020,SARS-CoV-2
SARS-CoV-2/human/AUS/VIC383/2020,SARS-CoV-2
SARS-CoV-2/human/AUS/VIC384/2020,SARS-CoV-2
SARS-CoV-2/human/AUS/VIC386/2020,SARS-CoV-2
SARS-CoV-2/human/AUS/VIC388/2020,SARS-CoV-2
SARS-CoV-2/human/AUS/VIC397/2020,SARS-CoV-2
SARS-CoV-2/human/AUS/VIC399/2020,SARS-CoV-2
SARS-CoV-2/human/AUS/VIC406/2020,SARS-CoV-2
SARS-CoV-2/human/AUS/VIC407/2020,SARS-CoV-2
SARS-CoV-2/human/AUS/VIC408/2020,SARS-CoV-2
SARS-CoV-2/human/AUS/VIC409/2020,SARS-CoV-2
SARS-CoV-2/human/AUS/VIC413/2020,SARS-CoV-2
SARS-CoV-2/human/AUS/VIC414/2020,SARS-CoV-2
SARS-CoV-2/human/AUS/VIC415/2020,SARS-CoV-2
SARS-CoV-2/human/AUS/VIC416/2020,SARS-CoV-2
SARS-CoV-2/human/AUS/VIC417/2020,SARS-CoV-2
SARS-CoV-2/human/AUS/VIC419/2020,SARS-CoV-2
SARS-CoV-2/human/AUS/VIC421/2020,SARS-CoV-2
SARS-CoV-2/human/AUS/VIC422/2020,SARS-CoV-2
SARS-CoV-2/human/AUS/VIC423/2020,SARS-CoV-2
SARS-CoV-2/human/AUS/VIC424/2020,SARS-CoV-2
SARS-CoV-2/human/AUS/VIC425/2020,SARS-CoV-2
SARS-CoV-2/human/AUS/VIC426/2020,SARS-CoV-2
SARS-CoV-2/human/AUS/VIC427/2020,SARS-CoV-2
SARS-CoV-2/human/AUS/VIC428/2020,SARS-CoV-2
SARS-CoV-2/human/AUS/VIC429/2020,SARS-CoV-2
SARS-CoV-2/human/AUS/VIC430/2020,SARS-CoV-2
SARS-CoV-2/human/AUS/VIC431/2020,SARS-CoV-2
SARS-CoV-2/human/AUS/VIC433/2020,SARS-CoV-2
SARS-CoV-2/human/AUS/VIC434/2020,SARS-CoV-2
SARS-CoV-2/human/AUS/VIC437/2020,SARS-CoV-2
SARS-CoV-2/human/AUS/VIC438/2020,SARS-CoV-2
SARS-CoV-2/human/AUS/VIC439/2020,SARS-CoV-2
SARS-CoV-2/human/AUS/VIC440/2020,SARS-CoV-2
SARS-CoV-2/human/AUS/VIC441/2020,SARS-CoV-2
SARS-CoV-2/human/AUS/VIC442/2020,SARS-CoV-2
SARS-CoV-2/human/AUS/VIC443/2020,SARS-CoV-2
SARS-CoV-2/human/AUS/VIC447/2020,SARS-CoV-2
SARS-CoV-2/human/AUS/VIC448/2020,SARS-CoV-2
SARS-CoV-2/human/AUS/VIC449/2020,SARS-CoV-2
SARS-CoV-2/human/AUS/VIC450/2020,SARS-CoV-2
SARS-CoV-2/human/AUS/VIC451/2020,SARS-CoV-2
SARS-CoV-2/human/AUS/VIC452/2020,SARS-CoV-2
SARS-CoV-2/human/AUS/VIC453/2020,SARS-CoV-2
SARS-CoV-2/human/AUS/VIC454/2020,SARS-CoV-2
SARS-CoV-2/human/AUS/VIC456/2020,SARS-CoV-2
SARS-CoV-2/human/AUS/VIC460/2020,SARS-CoV-2
SARS-CoV-2/human/AUS/VIC461/2020,SARS-CoV-2
SARS-CoV-2/human/AUS/VIC462/2020,SARS-CoV-2
SARS-CoV-2/human/AUS/VIC463/2020,SARS-CoV-2
SARS-CoV-2/human/AUS/VIC464/2020,SARS-CoV-2
SARS-CoV-2/human/AUS/VIC465/2020,SARS-CoV-2
SARS-CoV-2/human/AUS/VIC466/2020,SARS-CoV-2
SARS-CoV-2/human/AUS/VIC467/2020,SARS-CoV-2
SARS-CoV-2/human/AUS/VIC470/2020,SARS-CoV-2
SARS-CoV-2/human/AUS/VIC492/2020,SARS-CoV-2
SARS-CoV-2/human/AUS/VIC493/2020,SARS-CoV-2
SARS-CoV-2/human/AUS/VIC495/2020,SARS-CoV-2
SARS-CoV-2/human/AUS/VIC496/2020,SARS-CoV-2
SARS-CoV-2/human/AUS/VIC508/2020,SARS-CoV-2
SARS-CoV-2/human/AUS/VIC523/2020,SARS-CoV-2
SARS-CoV-2/human/AUS/VIC525/2020,SARS-CoV-2
SARS-CoV-2/human/AUS/VIC527/2020,SARS-CoV-2
SARS-CoV-2/human/AUS/VIC528/2020,SARS-CoV-2
SARS-CoV-2/human/AUS/VIC529/2020,SARS-CoV-2
SARS-CoV-2/human/AUS/VIC530/2020,SARS-CoV-2
SARS-CoV-2/human/AUS/VIC531/2020,SARS-CoV-2
SARS-CoV-2/human/AUS/VIC533/2020,SARS-CoV-2
SARS-CoV-2/human/AUS/VIC534/2020,SARS-CoV-2
SARS-CoV-2/human/AUS/VIC536/2020,SARS-CoV-2
SARS-CoV-2/human/AUS/VIC538/2020,SARS-CoV-2
SARS-CoV-2/human/AUS/VIC544/2020,SARS-CoV-2
SARS-CoV-2/human/AUS/VIC545/2020,SARS-CoV-2
SARS-CoV-2/human/AUS/VIC546/2020,SARS-CoV-2
SARS-CoV-2/human/AUS/VIC549/2020,SARS-CoV-2
SARS-CoV-2/human/AUS/VIC551/2020,SARS-CoV-2
SARS-CoV-2/human/AUS/VIC553/2020,SARS-CoV-2
SARS-CoV-2/human/AUS/VIC555/2020,SARS-CoV-2
SARS-CoV-2/human/AUS/VIC556/2020,SARS-CoV-2
SARS-CoV-2/human/AUS/VIC558/2020,SARS-CoV-2
SARS-CoV-2/human/AUS/VIC559/2020,SARS-CoV-2
SARS-CoV-2/human/AUS/VIC560/2020,SARS-CoV-2
SARS-CoV-2/human/AUS/VIC562/2020,SARS-CoV-2
SARS-CoV-2/human/AUS/VIC563/2020,SARS-CoV-2
SARS-CoV-2/human/AUS/VIC566/2020,SARS-CoV-2
SARS-CoV-2/human/AUS/VIC574/2020,SARS-CoV-2
SARS-CoV-2/human/AUS/VIC576/2020,SARS-CoV-2
SARS-CoV-2/human/AUS/VIC578/2020,SARS-CoV-2
SARS-CoV-2/human/AUS/VIC580/2020,SARS-CoV-2
SARS-CoV-2/human/AUS/VIC581/2020,SARS-CoV-2
SARS-CoV-2/human/AUS/VIC582/2020,SARS-CoV-2
SARS-CoV-2/human/AUS/VIC583/2020,SARS-CoV-2
SARS-CoV-2/human/AUS/VIC584/2020,SARS-CoV-2
SARS-CoV-2/human/AUS/VIC585/2020,SARS-CoV-2
SARS-CoV-2/human/AUS/VIC586/2020,SARS-CoV-2
SARS-CoV-2/human/AUS/VIC587/2020,SARS-CoV-2
SARS-CoV-2/human/AUS/VIC589/2020,SARS-CoV-2
SARS-CoV-2/human/AUS/VIC590/2020,SARS-CoV-2
SARS-CoV-2/human/AUS/VIC591/2020,SARS-CoV-2
SARS-CoV-2/human/AUS/VIC592/2020,SARS-CoV-2
SARS-CoV-2/human/AUS/VIC593/2020,SARS-CoV-2
SARS-CoV-2/human/AUS/VIC594/2020,SARS-CoV-2
SARS-CoV-2/human/AUS/VIC604/2020,SARS-CoV-2
SARS-CoV-2/human/AUS/VIC605/2020,SARS-CoV-2
SARS-CoV-2/human/AUS/VIC607/2020,SARS-CoV-2
SARS-CoV-2/human/AUS/VIC609/2020,SARS-CoV-2
SARS-CoV-2/human/AUS/VIC610/2020,SARS-CoV-2
SARS-CoV-2/human/AUS/VIC611/2020,SARS-CoV-2
SARS-CoV-2/human/AUS/VIC612/2020,SARS-CoV-2
SARS-CoV-2/human/AUS/VIC613/2020,SARS-CoV-2
SARS-CoV-2/human/AUS/VIC614/2020,SARS-CoV-2
SARS-CoV-2/human/AUS/VIC615/2020,SARS-CoV-2
SARS-CoV-2/human/AUS/VIC616/2020,SARS-CoV-2
SARS-CoV-2/human/AUS/VIC617/2020,SARS-CoV-2
SARS-CoV-2/human/AUS/VIC629/2020,SARS-CoV-2
SARS-CoV-2/human/AUS/VIC633/2020,SARS-CoV-2
SARS-CoV-2/human/AUS/VIC635/2020,SARS-CoV-2
SARS-CoV-2/human/AUS/VIC701/2020,SARS-CoV-2
SARS-CoV-2/human/AUS/VIC912/2020,SARS-CoV-2
SARS-CoV-2/human/CZE/IAB_1/2020,SARS-CoV-2
SARS-CoV-2/human/CZE/IAB_4/2020,SARS-CoV-2
SARS-CoV-2/human/CZE/IAB_8/2020,SARS-CoV-2
SARS-CoV-2/human/CZE/IAB_9/2020,SARS-CoV-2
SARS-CoV-2/human/CZE/IAB_10/2020,SARS-CoV-2
SARS-CoV-2/human/CZE/IAB_12/2020,SARS-CoV-2
SARS-CoV-2/human/CZE/IAB_14/2020,SARS-CoV-2
SARS-CoV-2/human/CZE/IAB_15/2020,SARS-CoV-2
SARS-CoV-2/human/CZE/IAB_16/2020,SARS-CoV-2
SARS-CoV-2/human/CZE/IAB_17/2020,SARS-CoV-2
SARS-CoV-2/human/CZE/IAB_18/2020,SARS-CoV-2
SARS-CoV-2/human/CZE/IAB_20/2020,SARS-CoV-2
SARS-CoV-2/human/CZE/IAB_21/2020,SARS-CoV-2
SARS-CoV-2/human/CZE/IAB_22/2020,SARS-CoV-2
SARS-CoV-2/human/CZE/IAB_23/2020,SARS-CoV-2
SARS-CoV-2/human/AUS/VIC390/2020,SARS-CoV-2
SARS-CoV-2/human/AUS/VIC473/2020,SARS-CoV-2
SARS-CoV-2/human/AUS/VIC475/2020,SARS-CoV-2
SARS-CoV-2/human/AUS/VIC476/2020,SARS-CoV-2
SARS-CoV-2/human/AUS/VIC477/2020,SARS-CoV-2
SARS-CoV-2/human/AUS/VIC478/2020,SARS-CoV-2
SARS-CoV-2/human/AUS/VIC479/2020,SARS-CoV-2
SARS-CoV-2/human/AUS/VIC481/2020,SARS-CoV-2
SARS-CoV-2/human/AUS/VIC483/2020,SARS-CoV-2
SARS-CoV-2/human/AUS/VIC484/2020,SARS-CoV-2
SARS-CoV-2/human/AUS/VIC485/2020,SARS-CoV-2
SARS-CoV-2/human/AUS/VIC486/2020,SARS-CoV-2
SARS-CoV-2/human/AUS/VIC487/2020,SARS-CoV-2
SARS-CoV-2/human/AUS/VIC488/2020,SARS-CoV-2
SARS-CoV-2/human/AUS/VIC489/2020,SARS-CoV-2
SARS-CoV-2/human/AUS/VIC490/2020,SARS-CoV-2
SARS-CoV-2/human/AUS/VIC491/2020,SARS-CoV-2
SARS-CoV-2/human/AUS/VIC619/2020,SARS-CoV-2
SARS-CoV-2/human/AUS/VIC620/2020,SARS-CoV-2
SARS-CoV-2/human/AUS/VIC621/2020,SARS-CoV-2
SARS-CoV-2/human/AUS/VIC622/2020,SARS-CoV-2
SARS-CoV-2/human/AUS/VIC623/2020,SARS-CoV-2
SARS-CoV-2/human/AUS/VIC624/2020,SARS-CoV-2
SARS-CoV-2/human/AUS/VIC625/2020,SARS-CoV-2
SARS-CoV-2/human/AUS/VIC627/2020,SARS-CoV-2
SARS-CoV-2/human/AUS/VIC637/2020,SARS-CoV-2
SARS-CoV-2/human/AUS/VIC641/2020,SARS-CoV-2
SARS-CoV-2/human/AUS/VIC642/2020,SARS-CoV-2
SARS-CoV-2/human/AUS/VIC643/2020,SARS-CoV-2
SARS-CoV-2/human/AUS/VIC644/2020,SARS-CoV-2
SARS-CoV-2/human/AUS/VIC649/2020,SARS-CoV-2
SARS-CoV-2/human/AUS/VIC651/2020,SARS-CoV-2
SARS-CoV-2/human/AUS/VIC653/2020,SARS-CoV-2
SARS-CoV-2/human/AUS/VIC654/2020,SARS-CoV-2
SARS-CoV-2/human/AUS/VIC655/2020,SARS-CoV-2
SARS-CoV-2/human/AUS/VIC657/2020,SARS-CoV-2
SARS-CoV-2/human/AUS/VIC658/2020,SARS-CoV-2
SARS-CoV-2/human/AUS/VIC659/2020,SARS-CoV-2
SARS-CoV-2/human/AUS/VIC660/2020,SARS-CoV-2
SARS-CoV-2/human/AUS/VIC661/2020,SARS-CoV-2
SARS-CoV-2/human/AUS/VIC662/2020,SARS-CoV-2
SARS-CoV-2/human/AUS/VIC664/2020,SARS-CoV-2
SARS-CoV-2/human/AUS/VIC666/2020,SARS-CoV-2
SARS-CoV-2/human/AUS/VIC668/2020,SARS-CoV-2
SARS-CoV-2/human/AUS/VIC669/2020,SARS-CoV-2
SARS-CoV-2/human/AUS/VIC670/2020,SARS-CoV-2
SARS-CoV-2/human/AUS/VIC673/2020,SARS-CoV-2
SARS-CoV-2/human/AUS/VIC674/2020,SARS-CoV-2
SARS-CoV-2/human/AUS/VIC676/2020,SARS-CoV-2
SARS-CoV-2/human/AUS/VIC677/2020,SARS-CoV-2
SARS-CoV-2/human/AUS/VIC678/2020,SARS-CoV-2
SARS-CoV-2/human/AUS/VIC681/2020,SARS-CoV-2
SARS-CoV-2/human/AUS/VIC683/2020,SARS-CoV-2
SARS-CoV-2/human/AUS/VIC684/2020,SARS-CoV-2
SARS-CoV-2/human/AUS/VIC685/2020,SARS-CoV-2
SARS-CoV-2/human/AUS/VIC687/2020,SARS-CoV-2
SARS-CoV-2/human/AUS/VIC689/2020,SARS-CoV-2
SARS-CoV-2/human/AUS/VIC693/2020,SARS-CoV-2
SARS-CoV-2/human/AUS/VIC694/2020,SARS-CoV-2
SARS-CoV-2/human/AUS/VIC695/2020,SARS-CoV-2
SARS-CoV-2/human/AUS/VIC696/2020,SARS-CoV-2
SARS-CoV-2/human/AUS/VIC700/2020,SARS-CoV-2
SARS-CoV-2/human/AUS/VIC705/2020,SARS-CoV-2
SARS-CoV-2/human/AUS/VIC706/2020,SARS-CoV-2
SARS-CoV-2/human/AUS/VIC707/2020,SARS-CoV-2
SARS-CoV-2/human/AUS/VIC708/2020,SARS-CoV-2
SARS-CoV-2/human/AUS/VIC711/2020,SARS-CoV-2
SARS-CoV-2/human/AUS/VIC713/2020,SARS-CoV-2
SARS-CoV-2/human/AUS/VIC716/2020,SARS-CoV-2
SARS-CoV-2/human/AUS/VIC718/2020,SARS-CoV-2
SARS-CoV-2/human/AUS/VIC720/2020,SARS-CoV-2
SARS-CoV-2/human/AUS/VIC721/2020,SARS-CoV-2
SARS-CoV-2/human/AUS/VIC722/2020,SARS-CoV-2
SARS-CoV-2/human/AUS/VIC727/2020,SARS-CoV-2
SARS-CoV-2/human/AUS/VIC729/2020,SARS-CoV-2
SARS-CoV-2/human/AUS/VIC730/2020,SARS-CoV-2
SARS-CoV-2/human/AUS/VIC731/2020,SARS-CoV-2
SARS-CoV-2/human/AUS/VIC732/2020,SARS-CoV-2
SARS-CoV-2/human/AUS/VIC733/2020,SARS-CoV-2
SARS-CoV-2/human/AUS/VIC734/2020,SARS-CoV-2
SARS-CoV-2/human/AUS/VIC735/2020,SARS-CoV-2
SARS-CoV-2/human/AUS/VIC736/2020,SARS-CoV-2
SARS-CoV-2/human/AUS/VIC737/2020,SARS-CoV-2
SARS-CoV-2/human/AUS/VIC738/2020,SARS-CoV-2
SARS-CoV-2/human/AUS/VIC739/2020,SARS-CoV-2
SARS-CoV-2/human/AUS/VIC741/2020,SARS-CoV-2
SARS-CoV-2/human/AUS/VIC742/2020,SARS-CoV-2
SARS-CoV-2/human/AUS/VIC744/2020,SARS-CoV-2
SARS-CoV-2/human/AUS/VIC745/2020,SARS-CoV-2
SARS-CoV-2/human/AUS/VIC746/2020,SARS-CoV-2
SARS-CoV-2/human/AUS/VIC747/2020,SARS-CoV-2
SARS-CoV-2/human/AUS/VIC748/2020,SARS-CoV-2
SARS-CoV-2/human/AUS/VIC751/2020,SARS-CoV-2
SARS-CoV-2/human/AUS/VIC752/2020,SARS-CoV-2
SARS-CoV-2/human/AUS/VIC753/2020,SARS-CoV-2
SARS-CoV-2/human/AUS/VIC754/2020,SARS-CoV-2
SARS-CoV-2/human/AUS/VIC755/2020,SARS-CoV-2
SARS-CoV-2/human/AUS/VIC757/2020,SARS-CoV-2
SARS-CoV-2/human/AUS/VIC760/2020,SARS-CoV-2
SARS-CoV-2/human/AUS/VIC762/2020,SARS-CoV-2
SARS-CoV-2/human/AUS/VIC763/2020,SARS-CoV-2
SARS-CoV-2/human/AUS/VIC764/2020,SARS-CoV-2
SARS-CoV-2/human/AUS/VIC765/2020,SARS-CoV-2
SARS-CoV-2/human/AUS/VIC766/2020,SARS-CoV-2
SARS-CoV-2/human/AUS/VIC767/2020,SARS-CoV-2
SARS-CoV-2/human/AUS/VIC768/2020,SARS-CoV-2
SARS-CoV-2/human/AUS/VIC769/2020,SARS-CoV-2
SARS-CoV-2/human/AUS/VIC771/2020,SARS-CoV-2
SARS-CoV-2/human/AUS/VIC772/2020,SARS-CoV-2
SARS-CoV-2/human/AUS/VIC773/2020,SARS-CoV-2
SARS-CoV-2/human/AUS/VIC774/2020,SARS-CoV-2
SARS-CoV-2/human/AUS/VIC776/2020,SARS-CoV-2
SARS-CoV-2/human/AUS/VIC778/2020,SARS-CoV-2
SARS-CoV-2/human/AUS/VIC780/2020,SARS-CoV-2
SARS-CoV-2/human/AUS/VIC781/2020,SARS-CoV-2
SARS-CoV-2/human/AUS/VIC782/2020,SARS-CoV-2
SARS-CoV-2/human/AUS/VIC783/2020,SARS-CoV-2
SARS-CoV-2/human/AUS/VIC784/2020,SARS-CoV-2
SARS-CoV-2/human/AUS/VIC786/2020,SARS-CoV-2
SARS-CoV-2/human/AUS/VIC787/2020,SARS-CoV-2
SARS-CoV-2/human/AUS/VIC788/2020,SARS-CoV-2
SARS-CoV-2/human/AUS/VIC789/2020,SARS-CoV-2
SARS-CoV-2/human/AUS/VIC790/2020,SARS-CoV-2
SARS-CoV-2/human/AUS/VIC791/2020,SARS-CoV-2
SARS-CoV-2/human/AUS/VIC792/2020,SARS-CoV-2
SARS-CoV-2/human/AUS/VIC793/2020,SARS-CoV-2
SARS-CoV-2/human/AUS/VIC794/2020,SARS-CoV-2
SARS-CoV-2/human/AUS/VIC796/2020,SARS-CoV-2
SARS-CoV-2/human/AUS/VIC797/2020,SARS-CoV-2
SARS-CoV-2/human/AUS/VIC798/2020,SARS-CoV-2
SARS-CoV-2/human/AUS/VIC799/2020,SARS-CoV-2
SARS-CoV-2/human/AUS/VIC800/2020,SARS-CoV-2
SARS-CoV-2/human/AUS/VIC802/2020,SARS-CoV-2
SARS-CoV-2/human/AUS/VIC803/2020,SARS-CoV-2
SARS-CoV-2/human/AUS/VIC804/2020,SARS-CoV-2
SARS-CoV-2/human/AUS/VIC805/2020,SARS-CoV-2
SARS-CoV-2/human/AUS/VIC806/2020,SARS-CoV-2
SARS-CoV-2/human/AUS/VIC808/2020,SARS-CoV-2
SARS-CoV-2/human/AUS/VIC809/2020,SARS-CoV-2
SARS-CoV-2/human/AUS/VIC810/2020,SARS-CoV-2
SARS-CoV-2/human/AUS/VIC814/2020,SARS-CoV-2
SARS-CoV-2/human/AUS/VIC815/2020,SARS-CoV-2
SARS-CoV-2/human/AUS/VIC816/2020,SARS-CoV-2
SARS-CoV-2/human/AUS/VIC818/2020,SARS-CoV-2
SARS-CoV-2/human/AUS/VIC819/2020,SARS-CoV-2
SARS-CoV-2/human/AUS/VIC821/2020,SARS-CoV-2
SARS-CoV-2/human/AUS/VIC829/2020,SARS-CoV-2
SARS-CoV-2/human/AUS/VIC837/2020,SARS-CoV-2
SARS-CoV-2/human/AUS/VIC843/2020,SARS-CoV-2
SARS-CoV-2/human/AUS/VIC844/2020,SARS-CoV-2
SARS-CoV-2/human/AUS/VIC845/2020,SARS-CoV-2
SARS-CoV-2/human/AUS/VIC847/2020,SARS-CoV-2
SARS-CoV-2/human/AUS/VIC849/2020,SARS-CoV-2
SARS-CoV-2/human/AUS/VIC850/2020,SARS-CoV-2
SARS-CoV-2/human/AUS/VIC851/2020,SARS-CoV-2
SARS-CoV-2/human/AUS/VIC852/2020,SARS-CoV-2
SARS-CoV-2/human/AUS/VIC854/2020,SARS-CoV-2
SARS-CoV-2/human/AUS/VIC857/2020,SARS-CoV-2
SARS-CoV-2/human/AUS/VIC864/2020,SARS-CoV-2
SARS-CoV-2/human/AUS/VIC870/2020,SARS-CoV-2
SARS-CoV-2/human/AUS/VIC873/2020,SARS-CoV-2
SARS-CoV-2/human/AUS/VIC874/2020,SARS-CoV-2
SARS-CoV-2/human/AUS/VIC876/2020,SARS-CoV-2
SARS-CoV-2/human/AUS/VIC881/2020,SARS-CoV-2
SARS-CoV-2/human/AUS/VIC884/2020,SARS-CoV-2
SARS-CoV-2/human/AUS/VIC885/2020,SARS-CoV-2
SARS-CoV-2/human/AUS/VIC886/2020,SARS-CoV-2
SARS-CoV-2/human/AUS/VIC887/2020,SARS-CoV-2
SARS-CoV-2/human/AUS/VIC888/2020,SARS-CoV-2
SARS-CoV-2/human/AUS/VIC890/2020,SARS-CoV-2
SARS-CoV-2/human/AUS/VIC892/2020,SARS-CoV-2
SARS-CoV-2/human/AUS/VIC893/2020,SARS-CoV-2
SARS-CoV-2/human/AUS/VIC894/2020,SARS-CoV-2
SARS-CoV-2/human/AUS/VIC895/2020,SARS-CoV-2
SARS-CoV-2/human/AUS/VIC898/2020,SARS-CoV-2
SARS-CoV-2/human/AUS/VIC920/2020,SARS-CoV-2
SARS-CoV-2/human/AUS/VIC927/2020,SARS-CoV-2
SARS-CoV-2/human/AUS/VIC928/2020,SARS-CoV-2
SARS-CoV-2/human/AUS/VIC929/2020,SARS-CoV-2
SARS-CoV-2/human/AUS/VIC930/2020,SARS-CoV-2
SARS-CoV-2/human/AUS/VIC931/2020,SARS-CoV-2
SARS-CoV-2/human/AUS/VIC932/2020,SARS-CoV-2
SARS-CoV-2/human/USA/ID-UW-4462/2020,SARS-CoV-2
SARS-CoV-2/human/USA/WA-UW-3812/2020,SARS-CoV-2
SARS-CoV-2/human/USA/WA-UW-3833/2020,SARS-CoV-2
SARS-CoV-2/human/CHN/JX155/2020,SARS-CoV-2
SARS-CoV-2/human/SRB/KV-1A/2020,SARS-CoV-2
SARS-CoV-2/human/USA/CA-CZB-IX00101/2020,SARS-CoV-2
SARS-CoV-2/human/USA/CA-CZB-IX00076/2020,SARS-CoV-2
SARS-CoV-2/human/USA/CA-CZB-IX00110/2020,SARS-CoV-2
SARS-CoV-2/human/USA/CA-CZB-EX00725/2020,SARS-CoV-2
SARS-CoV-2/human/USA/CA-CZB-IX00145/2020,SARS-CoV-2
SARS-CoV-2/human/USA/CA-CZB-IX00011/2020,SARS-CoV-2
SARS-CoV-2/human/USA/CA-CZB-IX00040/2020,SARS-CoV-2
SARS-CoV-2/human/USA/CA-CZB-IX00112/2020,SARS-CoV-2
SARS-CoV-2/human/USA/CA-CZB-IX00109/2020,SARS-CoV-2
SARS-CoV-2/human/USA/CA-CZB-EX00735/2020,SARS-CoV-2
SARS-CoV-2/human/USA/CA-CZB-IX00027/2020,SARS-CoV-2
SARS-CoV-2/human/USA/CA-CZB-IX00004/2020,SARS-CoV-2
SARS-CoV-2/human/USA/CA-CZB-EX00700/2020,SARS-CoV-2
SARS-CoV-2/human/USA/CA-CZB-IX00099/2020,SARS-CoV-2
SARS-CoV-2/human/USA/CA-CZB-EX00719/2020,SARS-CoV-2
SARS-CoV-2/human/USA/CA-CZB-IX00017/2020,SARS-CoV-2
Guangzhou/GZMU0003/2020,SARS-CoV-2
Guangzhou/GZMU0008/2020,SARS-CoV-2
Guangzhou/GZMU0009/2020,SARS-CoV-2
Guangzhou/GZMU0010/2020,SARS-CoV-2
Guangzhou/GZMU0013/2020,SARS-CoV-2
Guangzhou/GZMU0017/2020,SARS-CoV-2
Guangzhou/GZMU0019/2020,SARS-CoV-2
Guangzhou/GZMU0020/2020,SARS-CoV-2
Guangzhou/GZMU0023/2020,SARS-CoV-2
Guangzhou/GZMU0024/2020,SARS-CoV-2
Guangzhou/GZMU0025/2020,SARS-CoV-2
Guangzhou/GZMU0033/2020,SARS-CoV-2
Guangzhou/GZMU0034/2020,SARS-CoV-2
Guangzhou/GZMU0035/2020,SARS-CoV-2
Guangzhou/GZMU0037/2020,SARS-CoV-2
Guangzhou/GZMU0039/2020,SARS-CoV-2
Guangzhou/GZMU0041/2020,SARS-CoV-2
Guangzhou/GZMU0045/2020,SARS-CoV-2
Guangzhou/GZMU0046/2020,SARS-CoV-2
Guangzhou/GZMU0049/2020,SARS-CoV-2
Guangzhou/GZMU0050/2020,SARS-CoV-2
Guangzhou/GZMU0051/2020,SARS-CoV-2
Guangzhou/GZMU0052/2020,SARS-CoV-2
Guangzhou/GZMU0054/2020,SARS-CoV-2
Guangzhou/GZMU0056/2020,SARS-CoV-2
Guangzhou/GZMU0057/2020,SARS-CoV-2
Guangzhou/GZMU0058/2020,SARS-CoV-2
Guangzhou/GZMU0059/2020,SARS-CoV-2
Guangzhou/GZMU0060/2020,SARS-CoV-2
Guangzhou/GZMU0036/2020,SARS-CoV-2
Guangzhou/GZMU0055/2020,SARS-CoV-2
SARS-CoV-2/human/USA/ID-UW-4598/2020,SARS-CoV-2
SARS-CoV-2/human/USA/WA-UW-4897/2020,SARS-CoV-2
SARS-CoV-2/human/USA/WA-UW-5065/2020,SARS-CoV-2
SARS-CoV-2/human/USA/WA-UW-5095/2020,SARS-CoV-2
SARS-CoV-2/human/USA/WA-UW-5164/2020,SARS-CoV-2
TKYE6947_2020,SARS-CoV-2
TKYE6968_2020,SARS-CoV-2
SARS-CoV-2/human/USA/CA-CDPH-UC30/2020,SARS-CoV-2
SARS-CoV-2/human/USA/CA-UCSF-UC32/2020,SARS-CoV-2
SARS-CoV-2/human/USA/CA-UCSF-UC33/2020,SARS-CoV-2
SARS-CoV-2/human/USA/CA-SCCPHD-UC34/2020,SARS-CoV-2
SARS-CoV-2/human/USA/CA-SCCPHD-UC35/2020,SARS-CoV-2
SARS-CoV-2/human/USA/UT-00066/2020,SARS-CoV-2
SARS-CoV-2/human/USA/UT-00067/2020,SARS-CoV-2
SARS-CoV-2/human/USA/UT-00069/2020,SARS-CoV-2
SARS-CoV-2/human/USA/UT-00070/2020,SARS-CoV-2
SARS-CoV-2/human/USA/UT-00071/2020,SARS-CoV-2
SARS-CoV-2/human/USA/UT-00072/2020,SARS-CoV-2
SARS-CoV-2/human/USA/UT-00074/2020,SARS-CoV-2
SARS-CoV-2/human/USA/UT-00075/2020,SARS-CoV-2
SARS-CoV-2/human/USA/UT-00077/2020,SARS-CoV-2
SARS-CoV-2/human/USA/UT-00078/2020,SARS-CoV-2
SARS-CoV-2/human/USA/UT-00079/2020,SARS-CoV-2
SARS-CoV-2/human/USA/UT-00080/2020,SARS-CoV-2
SARS-CoV-2/human/USA/UT-00083/2020,SARS-CoV-2
SARS-CoV-2/human/USA/UT-00084/2020,SARS-CoV-2
SARS-CoV-2/human/USA/UT-00085/2020,SARS-CoV-2
SARS-CoV-2/human/USA/UT-00097/2020,SARS-CoV-2
SARS-CoV-2/human/USA/UT-00098/2020,SARS-CoV-2
SARS-CoV-2/human/USA/UT-00099/2020,SARS-CoV-2
SARS-CoV-2/human/USA/UT-00100/2020,SARS-CoV-2
SARS-CoV-2/human/USA/UT-00370/2020,SARS-CoV-2
SARS-CoV-2/human/USA/UT-00442/2020,SARS-CoV-2
SARS-CoV-2/human/USA/UT-00443/2020,SARS-CoV-2
SARS-CoV-2/human/USA/UT-00444/2020,SARS-CoV-2
SARS-CoV-2/human/USA/UT-00445/2020,SARS-CoV-2
SARS-CoV-2/human/USA/UT-00446/2020,SARS-CoV-2
SARS-CoV-2/human/USA/UT-00491/2020,SARS-CoV-2
SARS-CoV-2/human/USA/UT-00492/2020,SARS-CoV-2
SARS-CoV-2/human/USA/UT-00495/2020,SARS-CoV-2
SARS-CoV-2/human/USA/UT-00498/2020,SARS-CoV-2
SARS-CoV-2/human/USA/UT-00500/2020,SARS-CoV-2
SARS-CoV-2/human/USA/UT-00501/2020,SARS-CoV-2
SARS-CoV-2/human/USA/UT-00502/2020,SARS-CoV-2
SARS-CoV-2/human/USA/UT-00503/2020,SARS-CoV-2
SARS-CoV-2/human/USA/UT-00506/2020,SARS-CoV-2
SARS-CoV-2/human/USA/UT-00507/2020,SARS-CoV-2
SARS-CoV-2/human/USA/UT-00510/2020,SARS-CoV-2
SARS-CoV-2/human/USA/UT-00511/2020,SARS-CoV-2
SARS-CoV-2/human/USA/UT-00513/2020,SARS-CoV-2
SARS-CoV-2/human/USA/UT-00519/2020,SARS-CoV-2
SARS-CoV-2/human/USA/UT-00520/2020,SARS-CoV-2
SARS-CoV-2/tiger/NY/040420/2020,SARS-CoV-2
SARS-CoV-2/human/AUS/VIC936/2020,SARS-CoV-2
SARS-CoV-2/human/AUS/VIC935/2020,SARS-CoV-2
SARS-CoV-2/human/AUS/VIC938/2020,SARS-CoV-2
SARS-CoV-2/human/AUS/VIC1008/2020,SARS-CoV-2
SARS-CoV-2/human/AUS/VIC991/2020,SARS-CoV-2
SARS-CoV-2/human/AUS/VIC992/2020,SARS-CoV-2
SARS-CoV-2/human/AUS/VIC1016/2020,SARS-CoV-2
SARS-CoV-2/human/AUS/VIC993/2020,SARS-CoV-2
SARS-CoV-2/human/AUS/VIC994/2020,SARS-CoV-2
SARS-CoV-2/human/AUS/VIC996/2020,SARS-CoV-2
SARS-CoV-2/human/AUS/VIC997/2020,SARS-CoV-2
SARS-CoV-2/human/AUS/VIC998/2020,SARS-CoV-2
SARS-CoV-2/human/AUS/VIC1001/2020,SARS-CoV-2
SARS-CoV-2/human/AUS/VIC1002/2020,SARS-CoV-2
SARS-CoV-2/human/AUS/VIC1003/2020,SARS-CoV-2
SARS-CoV-2/human/AUS/VIC1004/2020,SARS-CoV-2
SARS-CoV-2/human/AUS/VIC1017/2020,SARS-CoV-2
SARS-CoV-2/human/AUS/VIC1018/2020,SARS-CoV-2
SARS-CoV-2/human/AUS/VIC1005/2020,SARS-CoV-2
SARS-CoV-2/human/AUS/VIC1020/2020,SARS-CoV-2
SARS-CoV-2/human/AUS/VIC1021/2020,SARS-CoV-2
SARS-CoV-2/human/AUS/VIC1208/2020,SARS-CoV-2
SARS-CoV-2/human/AUS/VIC1209/2020,SARS-CoV-2
SARS-CoV-2/human/AUS/VIC1210/2020,SARS-CoV-2
SARS-CoV-2/human/AUS/VIC1211/2020,SARS-CoV-2
SARS-CoV-2/human/AUS/VIC1212/2020,SARS-CoV-2
SARS-CoV-2/human/AUS/VIC1213/2020,SARS-CoV-2
SARS-CoV-2/human/AUS/VIC1214/2020,SARS-CoV-2
SARS-CoV-2/human/AUS/VIC1197/2020,SARS-CoV-2
SARS-CoV-2/human/AUS/VIC1198/2020,SARS-CoV-2
SARS-CoV-2/human/AUS/VIC1215/2020,SARS-CoV-2
SARS-CoV-2/human/AUS/VIC1203/2020,SARS-CoV-2
SARS-CoV-2/human/AUS/VIC1233/2020,SARS-CoV-2
SARS-CoV-2/human/AUS/VIC1234/2020,SARS-CoV-2
SARS-CoV-2/human/AUS/VIC1235/2020,SARS-CoV-2
SARS-CoV-2/human/AUS/VIC1216/2020,SARS-CoV-2
SARS-CoV-2/human/AUS/VIC1218/2020,SARS-CoV-2
SARS-CoV-2/human/AUS/VIC1219/2020,SARS-CoV-2
SARS-CoV-2/human/AUS/VIC1220/2020,SARS-CoV-2
SARS-CoV-2/human/AUS/VIC1221/2020,SARS-CoV-2
SARS-CoV-2/human/AUS/VIC1222/2020,SARS-CoV-2
SARS-CoV-2/human/AUS/VIC1228/2020,SARS-CoV-2
SARS-CoV-2/human/AUS/VIC1189/2020,SARS-CoV-2
SARS-CoV-2/human/AUS/VIC1224/2020,SARS-CoV-2
SARS-CoV-2/human/AUS/VIC1199/2020,SARS-CoV-2
SARS-CoV-2/human/AUS/VIC1236/2020,SARS-CoV-2
SARS-CoV-2/human/AUS/VIC1237/2020,SARS-CoV-2
SARS-CoV-2/human/AUS/VIC1239/2020,SARS-CoV-2
SARS-CoV-2/human/AUS/VIC1200/2020,SARS-CoV-2
SARS-CoV-2/human/AUS/VIC1192/2020,SARS-CoV-2
SARS-CoV-2/human/AUS/VIC956/2020,SARS-CoV-2
SARS-CoV-2/human/AUS/VIC1023/2020,SARS-CoV-2
SARS-CoV-2/human/AUS/VIC1024/2020,SARS-CoV-2
SARS-CoV-2/human/AUS/VIC1038/2020,SARS-CoV-2
SARS-CoV-2/human/AUS/VIC1033/2020,SARS-CoV-2
SARS-CoV-2/human/AUS/VIC1044/2020,SARS-CoV-2
SARS-CoV-2/human/AUS/VIC988/2020,SARS-CoV-2
SARS-CoV-2/human/AUS/VIC1045/2020,SARS-CoV-2
SARS-CoV-2/human/AUS/VIC1012/2020,SARS-CoV-2
SARS-CoV-2/human/AUS/VIC1061/2020,SARS-CoV-2
SARS-CoV-2/human/AUS/VIC984/2020,SARS-CoV-2
SARS-CoV-2/human/AUS/VIC985/2020,SARS-CoV-2
SARS-CoV-2/human/AUS/VIC1014/2020,SARS-CoV-2
SARS-CoV-2/human/AUS/VIC986/2020,SARS-CoV-2
SARS-CoV-2/human/AUS/VIC987/2020,SARS-CoV-2
SARS-CoV-2/human/AUS/VIC1010/2020,SARS-CoV-2
SARS-CoV-2/human/AUS/VIC1047/2020,SARS-CoV-2
SARS-CoV-2/human/AUS/VIC1049/2020,SARS-CoV-2
SARS-CoV-2/human/AUS/VIC1078/2020,SARS-CoV-2
SARS-CoV-2/human/AUS/VIC1079/2020,SARS-CoV-2
SARS-CoV-2/human/AUS/VIC1111/2020,SARS-CoV-2
SARS-CoV-2/human/AUS/VIC1113/2020,SARS-CoV-2
SARS-CoV-2/human/AUS/VIC1114/2020,SARS-CoV-2
SARS-CoV-2/human/AUS/VIC1092/2020,SARS-CoV-2
SARS-CoV-2/human/AUS/VIC1104/2020,SARS-CoV-2
SARS-CoV-2/human/AUS/VIC1105/2020,SARS-CoV-2
SARS-CoV-2/human/AUS/VIC1085/2020,SARS-CoV-2
SARS-CoV-2/human/AUS/VIC1106/2020,SARS-CoV-2
SARS-CoV-2/human/AUS/VIC1098/2020,SARS-CoV-2
SARS-CoV-2/human/AUS/VIC1107/2020,SARS-CoV-2
SARS-CoV-2/human/AUS/VIC1108/2020,SARS-CoV-2
SARS-CoV-2/human/AUS/VIC1131/2020,SARS-CoV-2
SARS-CoV-2/human/AUS/VIC1120/2020,SARS-CoV-2
SARS-CoV-2/human/AUS/VIC1121/2020,SARS-CoV-2
SARS-CoV-2/human/AUS/VIC1133/2020,SARS-CoV-2
SARS-CoV-2/human/AUS/VIC1050/2020,SARS-CoV-2
SARS-CoV-2/human/AUS/VIC1134/2020,SARS-CoV-2
SARS-CoV-2/human/AUS/VIC1151/2020,SARS-CoV-2
SARS-CoV-2/human/AUS/VIC1160/2020,SARS-CoV-2
SARS-CoV-2/human/AUS/VIC1136/2020,SARS-CoV-2
SARS-CoV-2/human/AUS/VIC1137/2020,SARS-CoV-2
SARS-CoV-2/human/AUS/VIC1127/2020,SARS-CoV-2
SARS-CoV-2/human/AUS/VIC1138/2020,SARS-CoV-2
SARS-CoV-2/human/AUS/VIC1139/2020,SARS-CoV-2
SARS-CoV-2/human/AUS/VIC1140/2020,SARS-CoV-2
SARS-CoV-2/human/AUS/VIC1141/2020,SARS-CoV-2
SARS-CoV-2/human/AUS/VIC1142/2020,SARS-CoV-2
SARS-CoV-2/human/AUS/VIC1143/2020,SARS-CoV-2
SARS-CoV-2/human/AUS/VIC1162/2020,SARS-CoV-2
SARS-CoV-2/human/AUS/VIC1163/2020,SARS-CoV-2
SARS-CoV-2/human/AUS/VIC1145/2020,SARS-CoV-2
SARS-CoV-2/human/AUS/VIC1156/2020,SARS-CoV-2
SARS-CoV-2/human/AUS/VIC1164/2020,SARS-CoV-2
SARS-CoV-2/human/AUS/VIC1175/2020,SARS-CoV-2
SARS-CoV-2/human/AUS/VIC1180/2020,SARS-CoV-2
SARS-CoV-2/human/AUS/VIC1181/2020,SARS-CoV-2
SARS-CoV-2/human/AUS/VIC1183/2020,SARS-CoV-2
SARS-CoV-2/human/AUS/VIC1186/2020,SARS-CoV-2
SARS-CoV-2/human/AUS/VIC1176/2020,SARS-CoV-2
SARS-CoV-2/human/AUS/VIC946/2020,SARS-CoV-2
SARS-CoV-2/human/AUS/VIC949/2020,SARS-CoV-2
SARS-CoV-2/human/AUS/VIC955/2020,SARS-CoV-2
SARS-CoV-2/human/AUS/VIC947/2020,SARS-CoV-2
SARS-CoV-2/human/AUS/VIC953/2020,SARS-CoV-2
SARS-CoV-2/human/AUS/VIC948/2020,SARS-CoV-2
SARS-CoV-2/human/AUS/VIC960/2020,SARS-CoV-2
SARS-CoV-2/human/AUS/VIC957/2020,SARS-CoV-2
SARS-CoV-2/human/AUS/VIC965/2020,SARS-CoV-2
SARS-CoV-2/human/AUS/VIC968/2020,SARS-CoV-2
SARS-CoV-2/human/AUS/VIC969/2020,SARS-CoV-2
SARS-CoV-2/human/AUS/VIC962/2020,SARS-CoV-2
SARS-CoV-2/human/AUS/VIC973/2020,SARS-CoV-2
SARS-CoV-2/human/AUS/VIC975/2020,SARS-CoV-2
SARS-CoV-2/human/AUS/VIC974/2020,SARS-CoV-2
SARS-CoV-2/human/AUS/VIC967/2020,SARS-CoV-2
SARS-CoV-2/human/AUS/VIC971/2020,SARS-CoV-2
SARS-CoV-2/human/AUS/VIC970/2020,SARS-CoV-2
SARS-CoV-2/human/AUS/VIC1030/2020,SARS-CoV-2
SARS-CoV-2/human/AUS/VIC1032/2020,SARS-CoV-2
SARS-CoV-2/human/AUS/VIC1054/2020,SARS-CoV-2
SARS-CoV-2/human/AUS/VIC1055/2020,SARS-CoV-2
SARS-CoV-2/human/AUS/VIC1057/2020,SARS-CoV-2
SARS-CoV-2/human/AUS/VIC1068/2020,SARS-CoV-2
SARS-CoV-2/human/AUS/VIC1064/2020,SARS-CoV-2
SARS-CoV-2/human/AUS/VIC1089/2020,SARS-CoV-2
SARS-CoV-2/human/AUS/VIC1187/2020,SARS-CoV-2
SARS-CoV-2/human/IRN/M1/2020,SARS-CoV-2
SARS-CoV-2/human/IRN/M2/2020,SARS-CoV-2
SARS-CoV-2/human/USA/WA-UW-5177/2020,SARS-CoV-2
SARS-CoV-2/human/USA/WA-UW-5192/2020,SARS-CoV-2
SARS-CoV-2/human/USA/WA-UW-5194/2020,SARS-CoV-2
SARS-CoV-2/human/USA/UNKNOWN-UW-5368/2020,SARS-CoV-2
SARS-CoV-2/human/USA/CT-UW-5599/2020,SARS-CoV-2
SARS-CoV-2/human/USA/UNKNOWN-UW-5605/2020,SARS-CoV-2
SARS-CoV-2/human/USA/WA-UW-5717/2020,SARS-CoV-2
SARS-CoV-2/human/USA/CT-UW-5770/2020,SARS-CoV-2
SARS-CoV-2/human/USA/WA-UW-6241/2020,SARS-CoV-2
SARS-CoV-2/human/USA/CT-UW-6273/2020,SARS-CoV-2
SARS-CoV-2/human/USA/WA-UW-6408/2020,SARS-CoV-2
SARS-CoV-2/human/CHN/YN-0306-466/2020,SARS-CoV-2
SARS-CoV-2/mink/NLD/1/2020,SARS-CoV-2
SARS-CoV-2/human/IND/nimh-0182/2020,SARS-CoV-2
SARS-CoV-2/human/IND/nimh-0130/2020,SARS-CoV-2
SARS-CoV-2/human/IND/nimh-1071/2020,SARS-CoV-2
SARS-CoV-2/human/IND/nimh-0351/2020,SARS-CoV-2
SARS-CoV-2/human/IND/nimh-0318/2020,SARS-CoV-2
SARS-CoV-2/human/IND/nimh-0113/2020,SARS-CoV-2
SARS-CoV-2/human/IND/nimh-0996/2020,SARS-CoV-2
SARS-CoV-2/human/USA/VA-DCLS-0114/2020,SARS-CoV-2
SARS-CoV-2/human/USA/VA-DCLS-0115/2020,SARS-CoV-2
SARS-CoV-2/human/USA/MI-MDHHS-SC20010/2020,SARS-CoV-2
SARS-CoV-2/human/USA/MI-MDHHS-SC20011/2020,SARS-CoV-2
SARS-CoV-2/human/USA/MI-MDHHS-SC20012/2020,SARS-CoV-2
SARS-CoV-2/human/USA/MI-MDHHS-SC20013/2020,SARS-CoV-2
SARS-CoV-2/human/USA/MI-MDHHS-SC20014/2020,SARS-CoV-2
SARS-CoV-2/human/USA/MI-MDHHS-SC20015/2020,SARS-CoV-2
SARS-CoV-2/human/USA/MI-MDHHS-SC20016/2020,SARS-CoV-2
SARS-CoV-2/human/USA/MI-MDHHS-SC20017/2020,SARS-CoV-2
SARS-CoV-2/human/USA/MI-MDHHS-SC20018/2020,SARS-CoV-2
SARS-CoV-2/human/USA/MI-MDHHS-SC20019/2020,SARS-CoV-2
SARS-CoV-2/human/USA/MI-MDHHS-SC20020/2020,SARS-CoV-2
SARS-CoV-2/human/USA/MI-MDHHS-SC20021/2020,SARS-CoV-2
SARS-CoV-2/human/USA/MI-MDHHS-SC20022/2020,SARS-CoV-2
SARS-CoV-2/human/USA/MI-MDHHS-SC20023/2020,SARS-CoV-2
SARS-CoV-2/human/USA/MI-MDHHS-SC20024/2020,SARS-CoV-2
SARS-CoV-2/human/USA/MI-MDHHS-SC20025/2020,SARS-CoV-2
SARS-CoV-2/human/USA/MI-MDHHS-SC20026/2020,SARS-CoV-2
SARS-CoV-2/human/USA/MI-MDHHS-SC20027/2020,SARS-CoV-2
SARS-CoV-2/human/USA/MI-MDHHS-SC20028/2020,SARS-CoV-2
SARS-CoV-2/human/USA/MI-MDHHS-SC20029/2020,SARS-CoV-2
SARS-CoV-2/human/USA/MI-MDHHS-SC20031/2020,SARS-CoV-2
SARS-CoV-2/human/USA/MI-MDHHS-SC20032/2020,SARS-CoV-2
SARS-CoV-2/human/USA/MI-MDHHS-SC20033/2020,SARS-CoV-2
SARS-CoV-2/human/USA/MI-MDHHS-SC20034/2020,SARS-CoV-2
SARS-CoV-2/human/USA/MI-MDHHS-SC20035/2020,SARS-CoV-2
SARS-CoV-2/human/USA/MI-MDHHS-SC20036/2020,SARS-CoV-2
SARS-CoV-2/human/USA/MI-MDHHS-SC20037/2020,SARS-CoV-2
SARS-CoV-2/human/USA/MI-MDHHS-SC20038/2020,SARS-CoV-2
SARS-CoV-2/human/USA/MI-MDHHS-SC20039/2020,SARS-CoV-2
SARS-CoV-2/human/USA/MI-MDHHS-SC20040/2020,SARS-CoV-2
SARS-CoV-2/human/USA/MI-MDHHS-SC20041/2020,SARS-CoV-2
SARS-CoV-2/human/USA/MI-MDHHS-SC20042/2020,SARS-CoV-2
SARS-CoV-2/human/USA/MI-MDHHS-SC20043/2020,SARS-CoV-2
SARS-CoV-2/human/USA/MI-MDHHS-SC20044/2020,SARS-CoV-2
SARS-CoV-2/human/USA/MI-MDHHS-SC20046/2020,SARS-CoV-2
SARS-CoV-2/human/USA/MI-MDHHS-SC20047/2020,SARS-CoV-2
SARS-CoV-2/human/USA/MI-MDHHS-SC20049/2020,SARS-CoV-2
SARS-CoV-2/human/USA/MI-MDHHS-SC20050/2020,SARS-CoV-2
SARS-CoV-2/human/USA/MI-MDHHS-SC20054/2020,SARS-CoV-2
SARS-CoV-2/human/USA/MI-MDHHS-SC20055/2020,SARS-CoV-2
SARS-CoV-2/human/USA/MI-MDHHS-SC20056/2020,SARS-CoV-2
SARS-CoV-2/human/USA/MI-MDHHS-SC20057/2020,SARS-CoV-2
SARS-CoV-2/human/USA/MI-MDHHS-SC20058/2020,SARS-CoV-2
SARS-CoV-2/human/USA/MI-MDHHS-SC20059/2020,SARS-CoV-2
SARS-CoV-2/human/USA/MI-MDHHS-SC20060/2020,SARS-CoV-2
SARS-CoV-2/human/USA/MI-MDHHS-SC20061/2020,SARS-CoV-2
SARS-CoV-2/human/USA/MI-MDHHS-SC20062/2020,SARS-CoV-2
SARS-CoV-2/human/USA/MI-MDHHS-SC20063/2020,SARS-CoV-2
SARS-CoV-2/human/USA/MI-MDHHS-SC20064/2020,SARS-CoV-2
SARS-CoV-2/human/USA/MI-MDHHS-SC20065/2020,SARS-CoV-2
SARS-CoV-2/human/USA/MI-MDHHS-SC20066/2020,SARS-CoV-2
SARS-CoV-2/human/USA/MI-MDHHS-SC20067/2020,SARS-CoV-2
SARS-CoV-2/human/USA/MI-MDHHS-SC20068/2020,SARS-CoV-2
SARS-CoV-2/human/USA/MI-MDHHS-SC20069/2020,SARS-CoV-2
SARS-CoV-2/human/USA/MI-MDHHS-SC20070/2020,SARS-CoV-2
SARS-CoV-2/human/USA/MI-MDHHS-SC20071/2020,SARS-CoV-2
SARS-CoV-2/human/USA/MI-MDHHS-SC20072/2020,SARS-CoV-2
SARS-CoV-2/human/USA/MI-MDHHS-SC20073/2020,SARS-CoV-2
SARS-CoV-2/human/USA/MI-MDHHS-SC20074/2020,SARS-CoV-2
SARS-CoV-2/human/USA/MI-MDHHS-SC20075/2020,SARS-CoV-2
SARS-CoV-2/human/USA/MI-MDHHS-SC20076/2020,SARS-CoV-2
SARS-CoV-2/human/USA/MI-MDHHS-SC20077/2020,SARS-CoV-2
SARS-CoV-2/human/USA/MI-MDHHS-SC20078/2020,SARS-CoV-2
SARS-CoV-2/human/USA/MI-MDHHS-SC20079/2020,SARS-CoV-2
SARS-CoV-2/human/USA/MI-MDHHS-SC20080/2020,SARS-CoV-2
SARS-CoV-2/human/USA/MI-MDHHS-SC20081/2020,SARS-CoV-2
SARS-CoV-2/human/USA/MI-MDHHS-SC20082/2020,SARS-CoV-2
SARS-CoV-2/human/USA/MI-MDHHS-SC20083/2020,SARS-CoV-2
SARS-CoV-2/human/USA/MI-MDHHS-SC20084/2020,SARS-CoV-2
SARS-CoV-2/human/USA/MI-MDHHS-SC20085/2020,SARS-CoV-2
SARS-CoV-2/human/USA/MI-MDHHS-SC20086/2020,SARS-CoV-2
SARS-CoV-2/human/USA/MI-MDHHS-SC20087/2020,SARS-CoV-2
SARS-CoV-2/human/USA/MI-MDHHS-SC20088/2020,SARS-CoV-2
SARS-CoV-2/human/USA/MI-MDHHS-SC20089/2020,SARS-CoV-2
SARS-CoV-2/human/USA/MI-MDHHS-SC20090/2020,SARS-CoV-2
SARS-CoV-2/human/USA/MI-MDHHS-SC20091/2020,SARS-CoV-2
SARS-CoV-2/human/USA/MI-MDHHS-SC20092/2020,SARS-CoV-2
SARS-CoV-2/human/USA/MI-MDHHS-SC20093/2020,SARS-CoV-2
SARS-CoV-2/human/USA/MI-MDHHS-SC20094/2020,SARS-CoV-2
SARS-CoV-2/human/USA/MI-MDHHS-SC20096/2020,SARS-CoV-2
SARS-CoV-2/human/USA/MI-MDHHS-SC20098/2020,SARS-CoV-2
SARS-CoV-2/human/USA/MI-MDHHS-SC20099/2020,SARS-CoV-2
SARS-CoV-2/human/CHN/HN011/2020,Other
SARS-CoV-2/human/CHN/HN012/2020,Other
SARS-CoV-2/human/CHN/HN015/2020,SARS-CoV-2
SARS-CoV-2/human/CHN/HN020/2020,SARS-CoV-2
SARS-CoV-2/human/CHN/HN023/2020,SARS-CoV-2
SARS-CoV-2/human/CHN/MAS005/2020,Other
SARS-CoV-2/human/CHN/MAS326/2020,Other
SARS-CoV-2/human/CHN/MAS368/2020,Other
SARS-CoV-2/human/CHN/MAS525/2020,SARS-CoV-2
SARS-CoV-2/human/CHN/MAS635/2020,Other
SARS-CoV-2/human/CHN/JS(5)/2020,Other
SARS-CoV-2/human/CHN/JS(5)/2020/P1,Other
SARS-CoV2/human/USA/PR-CDC-S2/2020,SARS-CoV-2
SARS-CoV2/human/USA/PR-CDC-S4/2020,SARS-CoV-2
SARS-CoV2/human/USA/PR-CDC-S8/2020,SARS-CoV-2
SARS-CoV2/human/USA/PR-CDC-S10/2020,SARS-CoV-2
SARS-CoV2/human/USA/PR-CDC-S18/2020,SARS-CoV-2
SARS-CoV2/human/USA/PR-CDC-S19/2020,SARS-CoV-2
SARS-CoV-2/human/USA/UT-00092/2020,SARS-CoV-2
SARS-CoV-2/human/USA/UT-00096/2020,SARS-CoV-2
SARS-CoV-2/human/USA/UT-00106/2020,SARS-CoV-2
SARS-CoV-2/human/USA/UT-00107/2020,SARS-CoV-2
SARS-CoV-2/human/USA/UT-00108/2020,SARS-CoV-2
SARS-CoV-2/human/USA/UT-00353/2020,SARS-CoV-2
SARS-CoV-2/human/USA/UT-00366/2020,SARS-CoV-2
SARS-CoV-2/human/USA/UT-00367/2020,SARS-CoV-2
SARS-CoV-2/human/USA/UT-00368/2020,SARS-CoV-2
SARS-CoV-2/human/USA/UT-00369/2020,SARS-CoV-2
SARS-CoV-2/human/USA/UT-00521/2020,SARS-CoV-2
SARS-CoV-2/human/USA/UT-00522/2020,SARS-CoV-2
SARS-CoV-2/human/USA/UT-00524/2020,SARS-CoV-2
SARS-CoV-2/human/USA/UT-00526/2020,SARS-CoV-2
SARS-CoV-2/human/USA/UT-00527/2020,SARS-CoV-2
SARS-CoV-2/human/USA/UT-00529/2020,SARS-CoV-2
SARS-CoV-2/human/USA/UT-00531/2020,SARS-CoV-2
SARS-CoV-2/human/USA/UT-00532/2020,SARS-CoV-2
SARS-CoV-2/human/USA/UT-00534/2020,SARS-CoV-2
SARS-CoV-2/human/USA/UT-00535/2020,SARS-CoV-2
SARS-CoV-2/human/USA/UT-00536/2020,SARS-CoV-2
SARS-CoV-2/human/USA/UT-00537/2020,SARS-CoV-2
SARS-CoV-2/human/USA/UT-00539/2020,SARS-CoV-2
SARS-CoV-2/human/USA/UT-00540/2020,SARS-CoV-2
SARS-CoV-2/human/USA/UT-00541/2020,SARS-CoV-2
SARS-CoV-2/human/USA/UT-00542/2020,SARS-CoV-2
SARS-CoV-2/human/USA/UT-00543/2020,SARS-CoV-2
SARS-CoV-2/human/USA/UT-00544/2020,SARS-CoV-2
SARS-CoV-2/human/USA/UT-00545/2020,SARS-CoV-2
SARS-CoV-2/human/USA/UT-00678/2020,SARS-CoV-2
SARS-CoV-2/human/USA/UT-00679/2020,SARS-CoV-2
SARS-CoV-2/human/USA/UT-00680/2020,SARS-CoV-2
SARS-CoV-2/human/USA/UT-00883/2020,SARS-CoV-2
SARS-CoV-2/human/USA/UT-00884/2020,SARS-CoV-2
SARS-CoV-2/human/USA/UT-00885/2020,SARS-CoV-2
SARS-CoV-2/human/USA/UT-00886/2020,SARS-CoV-2
SARS-CoV-2/human/USA/UT-00887/2020,SARS-CoV-2
SARS-CoV-2/human/USA/UT-00888/2020,SARS-CoV-2
SARS-CoV-2/human/USA/UT-00894/2020,SARS-CoV-2
SARS-CoV-2/human/USA/UT-00895/2020,SARS-CoV-2
SARS-CoV-2/human/USA/UT-00896/2020,SARS-CoV-2
SARS-CoV-2/feline/USA/NYAD1/2020,Other
SARS-CoV-2/human/IND/Assam-JMC4/2020,SARS-CoV-2
SARS-CoV-2/human/AUS/VIC1244/2020,SARS-CoV-2
SARS-CoV-2/human/AUS/VIC1245/2020,SARS-CoV-2
SARS-CoV-2/human/AUS/VIC1247/2020,SARS-CoV-2
SARS-CoV-2/human/AUS/VIC1250/2020,SARS-CoV-2
SARS-CoV-2/human/AUS/VIC1251/2020,SARS-CoV-2
SARS-CoV-2/human/AUS/VIC1252/2020,SARS-CoV-2
SARS-CoV-2/human/AUS/VIC1253/2020,SARS-CoV-2
SARS-CoV-2/human/AUS/VIC1255/2020,SARS-CoV-2
SARS-CoV-2/human/AUS/VIC1256/2020,SARS-CoV-2
SARS-CoV-2/human/AUS/VIC1257/2020,SARS-CoV-2
SARS-CoV-2/human/AUS/VIC1258/2020,SARS-CoV-2
SARS-CoV-2/human/AUS/VIC1260/2020,SARS-CoV-2
SARS-CoV-2/human/AUS/VIC1265/2020,SARS-CoV-2
SARS-CoV-2/human/AUS/VIC1266/2020,SARS-CoV-2
SARS-CoV-2/human/AUS/VIC1267/2020,SARS-CoV-2
SARS-CoV-2/human/AUS/VIC1270/2020,SARS-CoV-2
SARS-CoV-2/human/AUS/VIC1271/2020,SARS-CoV-2
SARS-CoV-2/human/AUS/VIC1272/2020,SARS-CoV-2
SARS-CoV-2/human/AUS/VIC1273/2020,SARS-CoV-2
SARS-CoV-2/human/AUS/VIC1274/2020,SARS-CoV-2
SARS-CoV-2/human/IND/nimh-3970/2020,SARS-CoV-2
SARS-CoV-2/human/IND/nimh-4376/2020,SARS-CoV-2
SARS-CoV-2/human/IND/nimh-4378/2020,SARS-CoV-2
SARS-CoV-2/human/USA/FL-BPHL-0001/2020,SARS-CoV-2
SARS-CoV-2/human/USA/FL-BPHL-0002/2020,SARS-CoV-2
SARS-CoV-2/human/USA/FL-BPHL-0003/2020,SARS-CoV-2
SARS-CoV-2/human/USA/FL-BPHL-0004/2020,SARS-CoV-2
SARS-CoV-2/human/USA/FL-BPHL-0005/2020,SARS-CoV-2
SARS-CoV-2/human/USA/FL-BPHL-0006/2020,SARS-CoV-2
SARS-CoV-2/human/USA/FL-BPHL-0007/2020,SARS-CoV-2
SARS-CoV-2/human/USA/FL-BPHL-0008/2020,SARS-CoV-2
SARS-CoV-2/human/USA/FL-BPHL-0009/2020,SARS-CoV-2
SARS-CoV-2/human/USA/FL-BPHL-0010/2020,SARS-CoV-2
SARS-CoV-2/human/USA/FL-BPHL-0011/2020,SARS-CoV-2
SARS-CoV-2/human/USA/FL-BPHL-0012/2020,SARS-CoV-2
SARS-CoV-2/human/USA/FL-BPHL-0013/2020,SARS-CoV-2
SARS-CoV-2/human/USA/FL-BPHL-0014/2020,SARS-CoV-2
SARS-CoV-2/human/USA/FL-BPHL-0015/2020,SARS-CoV-2
SARS-CoV-2/human/USA/FL-BPHL-0016/2020,SARS-CoV-2
SARS-CoV-2/human/USA/FL-BPHL-0017/2020,SARS-CoV-2
SARS-CoV-2/human/USA/FL-BPHL-0018/2020,SARS-CoV-2
SARS-CoV-2/human/USA/FL-BPHL-0019/2020,SARS-CoV-2
SARS-CoV-2/human/USA/FL-BPHL-0020/2020,SARS-CoV-2
SARS-CoV-2/human/USA/FL-BPHL-0021/2020,SARS-CoV-2
SARS-CoV-2/human/USA/FL-BPHL-0022/2020,SARS-CoV-2
SARS-CoV-2/human/USA/FL-BPHL-0023/2020,SARS-CoV-2
SARS-CoV-2/human/USA/FL-BPHL-0024/2020,SARS-CoV-2
SARS-CoV-2/human/USA/FL-BPHL-0025/2020,SARS-CoV-2
SARS-CoV-2/human/USA/FL-BPHL-0026/2020,SARS-CoV-2
SARS-CoV-2/human/USA/FL-BPHL-0027/2020,SARS-CoV-2
SARS-CoV-2/human/USA/FL-BPHL-0028/2020,SARS-CoV-2
SARS-CoV-2/human/USA/FL-BPHL-0029/2020,SARS-CoV-2
SARS-CoV-2/human/USA/FL-BPHL-0030/2020,SARS-CoV-2
SARS-CoV-2/human/USA/FL-BPHL-0031/2020,SARS-CoV-2
SARS-CoV-2/human/USA/FL-BPHL-0032/2020,SARS-CoV-2
SARS-CoV-2/human/USA/FL-BPHL-0033/2020,SARS-CoV-2
SARS-CoV-2/human/USA/FL-BPHL-0034/2020,SARS-CoV-2
SARS-CoV-2/human/USA/FL-BPHL-0035/2020,SARS-CoV-2
SARS-CoV-2/human/USA/FL-BPHL-0036/2020,SARS-CoV-2
SARS-CoV-2/human/USA/FL-BPHL-0037/2020,SARS-CoV-2
SARS-CoV-2/human/USA/FL-BPHL-0038/2020,Other
SARS-CoV-2/human/USA/FL-BPHL-0039/2020,SARS-CoV-2
SARS-CoV-2/human/USA/FL-BPHL-0040/2020,SARS-CoV-2
SARS-CoV-2/human/USA/FL-BPHL-0041/2020,SARS-CoV-2
SARS-CoV-2/human/USA/FL-BPHL-0042/2020,SARS-CoV-2
SARS-CoV-2/human/USA/FL-BPHL-0043/2020,SARS-CoV-2
SARS-CoV-2/human/USA/FL-BPHL-0044/2020,Other
SARS-CoV-2/human/USA/FL-BPHL-0045/2020,SARS-CoV-2
SARS-CoV-2/human/USA/FL-BPHL-0046/2020,SARS-CoV-2
SARS-CoV-2/human/USA/FL-BPHL-0047/2020,SARS-CoV-2
SARS-CoV-2/human/USA/FL-BPHL-0048/2020,SARS-CoV-2
SARS-CoV-2/human/USA/FL-BPHL-0049/2020,SARS-CoV-2
SARS-CoV-2/human/USA/FL-BPHL-0050/2020,SARS-CoV-2
SARS-CoV-2/human/USA/FL-BPHL-0051/2020,SARS-CoV-2
SARS-CoV-2/human/USA/FL-BPHL-0052/2020,SARS-CoV-2
SARS-CoV-2/human/USA/FL-BPHL-0053/2020,Other
SARS-CoV-2/human/USA/FL-BPHL-0054/2020,SARS-CoV-2
SARS-CoV-2/human/USA/FL-BPHL-0055/2020,SARS-CoV-2
SARS-CoV-2/human/USA/FL-BPHL-0056/2020,SARS-CoV-2
SARS-CoV-2/human/USA/FL-BPHL-0057/2020,Other
SARS-CoV-2/human/USA/FL-BPHL-0058/2020,SARS-CoV-2
SARS-CoV-2/human/USA/FL-BPHL-0059/2020,SARS-CoV-2
SARS-CoV-2/human/IND/nimh-2873/2020,SARS-CoV-2
SARS-CoV-2/human/IND/nimh-3952/2020,SARS-CoV-2
SARS-CoV-2/human/IND/nimh-1596/2020,SARS-CoV-2
SARS-CoV-2/human/IND/nimh-1598/2020,SARS-CoV-2
SARS-CoV-2/human/USA/CA-CZB-1008/2020,SARS-CoV-2
SARS-CoV-2/human/USA/CA-CZB-1015/2020,SARS-CoV-2
SARS-CoV-2/human/USA/CA-CZB-1027/2020,SARS-CoV-2
SARS-CoV-2/human/AUS/VIC1230/2020,SARS-CoV-2
SARS-CoV-2/human/AUS/VIC550/2020,SARS-CoV-2
